Web Series,Positive,Negative,Neutral,Analysis,Status
Dick Johnson Is Dead,10,37,7,You Decide,Neutral
Blood & Water,23,23,53,You Decide,Neutral
Ganglands,33,13,53,You Decide,Neutral
Jailbirds New Orleans,0,0,13,You Decide,Neutral
Kota Factory,23,13,63,You Decide,Neutral
Midnight Mass,27,17,57,You Decide,Neutral
My Little Pony: A New Generation,13,7,80,You Decide,Neutral
Sankofa,60,10,30,Go and Watch,Positive
The Great British Baking Show,93,7,0,Go and Watch,Positive
The Starling,50,7,43,Do not Watch,Negative
"Vendetta: Truth, Lies and The Mafia",0,0,0,Go and Watch,Positive
Bangkok Breaking,13,7,57,Do not Watch,Negative
Je Suis Karl,7,10,83,You Decide,Neutral
Confessions of an Invisible Girl,3,0,7,You Decide,Neutral
Crime Stories: India Detectives,0,0,0,Go and Watch,Positive
Dear White People,83,10,7,Go and Watch,Positive
Europe's Most Dangerous Man: Otto Skorzeny in Spain,0,10,0,Do not Watch,Negative
Falsa identidad,3,7,90,You Decide,Neutral
Intrusion,30,27,43,You Decide,Neutral
Jaguar,20,23,57,You Decide,Neutral
Monsters Inside: The 24 Faces of Billy Milligan,10,3,20,Do not Watch,Negative
Resurrection: Ertugrul,17,0,83,You Decide,Neutral
Avvai Shanmughi,13,10,7,You Decide,Neutral
Go! Go! Cory Carson: Chrissy Takes the Wheel,0,0,3,You Decide,Neutral
Jeans,33,20,47,You Decide,Neutral
Love on the Spectrum,73,17,10,Go and Watch,Positive
Minsara Kanavu,10,0,30,You Decide,Neutral
Grown Ups,27,37,37,Do not Watch,Negative
Dark Skies,63,10,27,Go and Watch,Positive
Paranoia,17,63,20,Do not Watch,Negative
Ankahi Kahaniya,0,0,0,Go and Watch,Positive
Chicago Party Aunt,50,0,0,Go and Watch,Positive
Sex Education,17,27,57,You Decide,Neutral
Squid Game,17,23,60,You Decide,Neutral
Tayo and Little Wizards,0,0,0,Go and Watch,Positive
The Father Who Moves Mountains,3,3,0,Go and Watch,Positive
The Stronghold,43,40,17,Go and Watch,Positive
Angry Birds,23,73,3,Do not Watch,Negative
Birth of the Dragon,43,37,20,Go and Watch,Positive
Chhota Bheem,43,7,50,Do not Watch,Negative
He-Man and the Masters of the Universe,30,7,63,Do not Watch,Negative
Jaws,13,30,57,You Decide,Neutral
Jaws 2,33,13,53,You Decide,Neutral
Jaws 3,40,20,40,Go and Watch,Positive
Jaws: The Revenge,17,80,3,Do not Watch,Negative
My Heroes Were Cowboys,3,0,0,Go and Watch,Positive
Safe House,70,17,13,Go and Watch,Positive
The Smart Money Woman,73,20,7,Go and Watch,Positive
Training Day,60,10,30,Go and Watch,Positive
Castle and Castle,53,20,27,Go and Watch,Positive
Dharmakshetra,10,10,10,Go and Watch,Positive
InuYasha the Movie 2: The Castle Beyond the Looking Glass,0,0,0,Go and Watch,Positive
InuYasha the Movie 3: Swords of an Honorable Ruler,0,0,0,Go and Watch,Positive
InuYasha the Movie 4: Fire on the Mystic Island,0,0,0,Go and Watch,Positive
InuYasha the Movie: Affections Touching Across Time,3,0,0,Go and Watch,Positive
Nailed It,27,3,70,You Decide,Neutral
Naruto Shippuden the Movie: Blood Prison,0,0,0,Go and Watch,Positive
Naruto Shippûden the Movie: Bonds,0,0,3,You Decide,Neutral
Naruto Shippûden the Movie: The Will of Fire,0,0,0,Go and Watch,Positive
Naruto Shippuden: The Movie,13,53,33,Do not Watch,Negative
Dick Johnson Is Dead,10,37,7,You Decide,Neutral
Blood & Water,27,20,53,You Decide,Neutral
Ganglands,33,13,53,You Decide,Neutral
Jailbirds New Orleans,0,0,13,You Decide,Neutral
Kota Factory,20,17,63,You Decide,Neutral
Midnight Mass,23,17,60,You Decide,Neutral
My Little Pony: A New Generation,17,7,77,You Decide,Neutral
Sankofa,60,10,30,Go and Watch,Positive
The Great British Baking Show,93,7,0,Go and Watch,Positive
The Starling,47,10,43,Go and Watch,Positive
"Vendetta: Truth, Lies and The Mafia",0,0,0,Go and Watch,Positive
Bangkok Breaking,13,7,57,Do not Watch,Negative
Je Suis Karl,7,10,83,You Decide,Neutral
Confessions of an Invisible Girl,3,0,7,You Decide,Neutral
Crime Stories: India Detectives,0,0,0,Go and Watch,Positive
Dear White People,83,10,7,Go and Watch,Positive
Europe's Most Dangerous Man: Otto Skorzeny in Spain,0,10,0,Do not Watch,Negative
Falsa identidad,3,7,90,You Decide,Neutral
Intrusion,27,30,43,You Decide,Neutral
Jaguar,20,23,57,You Decide,Neutral
Monsters Inside: The 24 Faces of Billy Milligan,10,3,20,Do not Watch,Negative
Resurrection: Ertugrul,17,0,83,You Decide,Neutral
Avvai Shanmughi,13,10,7,You Decide,Neutral
Go! Go! Cory Carson: Chrissy Takes the Wheel,0,0,3,You Decide,Neutral
Jeans,30,23,47,You Decide,Neutral
Love on the Spectrum,77,13,10,Go and Watch,Positive
Minsara Kanavu,10,0,30,You Decide,Neutral
Grown Ups,33,37,30,Do not Watch,Negative
Dark Skies,63,10,27,Go and Watch,Positive
Paranoia,3,60,37,Do not Watch,Negative
Ankahi Kahaniya,0,0,0,Go and Watch,Positive
Chicago Party Aunt,57,0,0,Go and Watch,Positive
Sex Education,23,23,53,You Decide,Neutral
Squid Game,20,27,53,You Decide,Neutral
Tayo and Little Wizards,0,0,0,Go and Watch,Positive
The Father Who Moves Mountains,3,3,0,Go and Watch,Positive
The Stronghold,37,47,17,Do not Watch,Negative
Angry Birds,23,73,3,Do not Watch,Negative
Birth of the Dragon,43,37,20,Go and Watch,Positive
Chhota Bheem,43,7,50,Do not Watch,Negative
He-Man and the Masters of the Universe,30,7,63,Do not Watch,Negative
Jaws,23,20,57,You Decide,Neutral
Jaws 2,33,13,53,You Decide,Neutral
Jaws 3,37,23,40,You Decide,Neutral
Jaws: The Revenge,17,80,3,Do not Watch,Negative
My Heroes Were Cowboys,3,0,0,Go and Watch,Positive
Safe House,73,13,13,Go and Watch,Positive
The Smart Money Woman,73,20,7,Go and Watch,Positive
Training Day,67,13,20,Go and Watch,Positive
Castle and Castle,50,20,30,Go and Watch,Positive
Dharmakshetra,10,10,10,Go and Watch,Positive
InuYasha the Movie 2: The Castle Beyond the Looking Glass,0,0,0,Go and Watch,Positive
InuYasha the Movie 3: Swords of an Honorable Ruler,0,0,0,Go and Watch,Positive
InuYasha the Movie 4: Fire on the Mystic Island,0,0,0,Go and Watch,Positive
InuYasha the Movie: Affections Touching Across Time,3,0,0,Go and Watch,Positive
Nailed It,33,13,53,You Decide,Neutral
Naruto Shippuden the Movie: Blood Prison,0,0,0,Go and Watch,Positive
Naruto Shippûden the Movie: Bonds,0,0,3,You Decide,Neutral
Naruto Shippûden the Movie: The Will of Fire,0,0,0,Go and Watch,Positive
Naruto Shippuden: The Movie,13,53,33,Do not Watch,Negative
Naruto Shippuden: The Movie: The Lost Tower,7,0,0,Go and Watch,Positive
Naruto the Movie 2: Legend of the Stone of Gelel,0,0,0,Go and Watch,Positive
Naruto the Movie 3: Guardians of the Crescent Moon Kingdom,0,0,0,Go and Watch,Positive
Naruto the Movie: Ninja Clash in the Land of Snow,0,7,3,Do not Watch,Negative
Nightbooks,17,13,33,You Decide,Neutral
Numberblocks,27,17,57,You Decide,Neutral
Raja Rasoi Aur Anya Kahaniyan,3,0,0,Go and Watch,Positive
Saved by the Bell,80,10,10,Go and Watch,Positive
Schumacher,43,13,43,Go and Watch,Positive
Stories by Rabindranath Tagore,13,0,3,You Decide,Neutral
Too Hot To Handle: Latino,7,3,13,Go and Watch,Positive
A StoryBots Space Adventure,0,0,0,Go and Watch,Positive
Jack Whitehall: Travels with My Father,0,3,3,Do not Watch,Negative
King of Boys,30,27,43,You Decide,Neutral
The World's Most Amazing Vacation Rentals,10,0,0,Go and Watch,Positive
You vs. Wild: Out Cold,0,0,0,Go and Watch,Positive
Yowamushi Pedal,27,17,57,You Decide,Neutral
Little Singham - Black Shadow,0,0,0,Go and Watch,Positive
Tughlaq Durbar,3,3,0,Go and Watch,Positive
Tughlaq Durbar (Telugu),0,0,0,Go and Watch,Positive
Firedrake the Silver Dragon,0,0,0,Go and Watch,Positive
Kate,23,7,70,You Decide,Neutral
Lucifer,20,23,57,You Decide,Neutral
Metal Shop Masters,7,3,3,Go and Watch,Positive
Omo Ghetto: the Saga,17,10,10,Go and Watch,Positive
Pokémon Master Journeys: The Series,7,0,7,Go and Watch,Positive
Prey,40,37,23,Go and Watch,Positive
Titipo Titipo,23,0,67,You Decide,Neutral
Blood Brothers: Malcolm X & Muhammad Ali,0,0,7,You Decide,Neutral
Mighty Raju,7,0,20,Go and Watch,Positive
Paradise Hills,73,10,17,Go and Watch,Positive
The Women and the Murderer,20,70,10,Do not Watch,Negative
Into the Night,33,27,40,You Decide,Neutral
JJ+E,33,13,53,You Decide,Neutral
Show Dogs,47,27,27,Go and Watch,Positive
The Circle,60,17,23,Go and Watch,Positive
If I Leave Here Tomorrow: A Film About Lynyrd Skynyrd,0,0,0,Go and Watch,Positive
Kid Cosmic,17,23,60,You Decide,Neutral
Octonauts: Above & Beyond,7,3,0,Go and Watch,Positive
On the Verge,30,43,27,Do not Watch,Negative
Tobot Galaxy Detectives,0,0,3,You Decide,Neutral
Untold: Breaking Point,13,3,13,Do not Watch,Negative
Countdown: Inspiration4 Mission to Space,23,0,57,You Decide,Neutral
Shadow Parties,50,33,17,Go and Watch,Positive
Tayo the Little Bus,13,7,27,Do not Watch,Negative
Angamaly Diaries,17,0,47,You Decide,Neutral
Bunk'd,40,20,40,Go and Watch,Positive
A Champion Heart,77,17,7,Go and Watch,Positive
Dive Club,50,10,40,Go and Watch,Positive
La casa de papel,7,30,63,Go and Watch,Positive
Money Heist: From Tokyo to Berlin,0,0,3,You Decide,Neutral
Sharkdog,23,37,40,You Decide,Neutral
Worth,60,27,13,Go and Watch,Positive
Afterlife of the Party,53,47,0,Go and Watch,Positive
Anjaam,10,7,83,You Decide,Neutral
Bright Star,67,10,23,Go and Watch,Positive
Dhanak,40,7,53,Do not Watch,Negative
Final Account,33,20,47,You Decide,Neutral
Gurgaon,20,37,43,You Decide,Neutral
Here and There,33,40,27,Do not Watch,Negative
Heroes of Goo Jit Zu,43,0,0,Go and Watch,Positive
Hotel Del Luna,17,23,60,You Decide,Neutral
In the Cut,20,63,17,Do not Watch,Negative
Luv Kushh,0,0,0,Go and Watch,Positive
Pororo - The Little Penguin,7,7,10,Go and Watch,Positive
Q-Force,20,23,57,You Decide,Neutral
Shikara,40,27,33,Go and Watch,Positive
A Cinderella Story,37,10,53,You Decide,Neutral
Agatha Christie's Crooked House,0,0,0,Go and Watch,Positive
An Unfinished Life,20,47,33,Do not Watch,Negative
Barbie Big City Big Dreams,93,3,3,Go and Watch,Positive
Blade Runner: The Final Cut,23,60,17,Do not Watch,Negative
Brave Animated Series,53,7,10,Do not Watch,Negative
Chappie,43,27,30,Go and Watch,Positive
Clear and Present Danger,27,63,10,Do not Watch,Negative
Cliffhanger,43,20,37,Go and Watch,Positive
Cold Mountain,57,17,27,Go and Watch,Positive
Crocodile Dundee in Los Angeles,0,0,7,You Decide,Neutral
Dear John,80,7,13,Go and Watch,Positive
Do the Right Thing,57,30,13,Go and Watch,Positive
"El patrón, radiografía de un crimen",3,0,47,You Decide,Neutral
Extraction,43,27,30,Go and Watch,Positive
Freedom Writers,73,13,13,Go and Watch,Positive
Green Lantern,50,10,40,Go and Watch,Positive
House Party,67,27,7,You Decide,Neutral
House Party 2,47,33,20,Go and Watch,Positive
House Party 3,47,27,27,Go and Watch,Positive
How to Be a Cowboy,50,27,23,Go and Watch,Positive
HQ Barbers,0,0,0,Go and Watch,Positive
I Got the Hook Up,53,13,33,Go and Watch,Positive
In Too Deep,40,27,33,Go and Watch,Positive
Initial D,23,27,50,You Decide,Neutral
Janoskians: Untold and Untrue,0,0,0,Go and Watch,Positive
Kid-E-Cats,0,0,13,You Decide,Neutral
Kuroko's Basketball,23,23,53,You Decide,Neutral
Labyrinth,27,17,57,You Decide,Neutral
Letters to Juliet,7,3,90,You Decide,Neutral
Level 16,37,17,47,You Decide,Neutral
Love Don't Cost a Thing,90,10,0,Go and Watch,Positive
Love in a Puff,83,10,7,Go and Watch,Positive
Major Dad,53,23,23,Go and Watch,Positive
Mars Attacks!,3,90,7,Do not Watch,Negative
Marshall,43,13,43,Go and Watch,Positive
My Boss's Daughter,50,17,33,Go and Watch,Positive
Mystery Men,40,43,17,Do not Watch,Negative
Oldsters,23,33,43,You Decide,Neutral
Once Upon a Time in America,23,10,67,You Decide,Neutral
Open Season 2,43,20,37,Go and Watch,Positive
Osmosis Jones,27,10,63,You Decide,Neutral
Poseidon,40,17,43,You Decide,Neutral
Rhyme & Reason,17,50,33,Do not Watch,Negative
Same Kind of Different as Me,67,7,27,Do not Watch,Negative
School of Rock,47,10,43,Go and Watch,Positive
Snervous Tyler Oakley,0,0,0,Go and Watch,Positive
Tears of the Sun,47,47,7,You Decide,Neutral
The Blue Lagoon,37,13,50,You Decide,Neutral
The Golden Child,27,23,50,You Decide,Neutral
The Guns of Navarone,20,13,67,You Decide,Neutral
The Interview,43,23,33,Go and Watch,Positive
The Nutty Professor,27,27,47,You Decide,Neutral
The Nutty Professor II: The Klumps,7,10,10,Go and Watch,Positive
Turning Point: 9/11 and the War on Terror,0,17,0,Do not Watch,Negative
Welcome Home Roscoe Jenkins,90,7,0,Go and Watch,Positive
In the Line of Fire,40,53,7,You Decide,Neutral
Sparking Joy,83,17,0,Go and Watch,Positive
Untold: Crime & Penalties,3,17,3,Go and Watch,Positive
Hometown Cha-Cha-Cha,20,20,60,You Decide,Neutral
The Ingenuity of the Househusband,0,0,3,You Decide,Neutral
2 Alone in Paris,7,10,3,Go and Watch,Positive
Bread Barbershop,7,7,10,Go and Watch,Positive
Thimmarusu,17,0,3,You Decide,Neutral
Wind River,40,23,37,Go and Watch,Positive
C Kkompany,0,0,0,Go and Watch,Positive
D.P.,20,17,63,You Decide,Neutral
Deadly Sins,20,70,10,Do not Watch,Negative
EMI: Liya Hai To Chukana Padega,0,0,0,Go and Watch,Positive
He's All That,53,23,23,Go and Watch,Positive
I Heart Arlo,13,13,27,You Decide,Neutral
King of Boys: The Return of the King,3,7,10,Do not Watch,Negative
Koi Aap Sa,17,10,73,You Decide,Neutral
Krishna Cottage,3,3,17,Go and Watch,Positive
Kucch To Hai,7,7,87,You Decide,Neutral
Kyaa Kool Hai Hum,0,0,0,Go and Watch,Positive
Kyaa Kool Hain Hum 3,0,0,0,Go and Watch,Positive
Kyaa Super Kool Hain Hum,0,3,0,Do not Watch,Negative
Kyo Kii... Main Jhuth Nahin Bolta,0,0,0,Go and Watch,Positive
"LSD: Love, Sex Aur Dhokha",0,0,0,Go and Watch,Positive
Mission Istaanbul: Darr Ke Aagey Jeet Hai,0,0,0,Go and Watch,Positive
Once Upon a Time in Mumbaai,3,3,3,Go and Watch,Positive
Once Upon a Time in Mumbai Dobaara!,0,0,0,Go and Watch,Positive
Ragini MMS,17,0,43,You Decide,Neutral
Ragini MMS 2,7,0,13,Go and Watch,Positive
Rebellion,47,40,13,Go and Watch,Positive
RIDE ON TIME,67,3,30,Go and Watch,Positive
SAS: Rise of the Black Swan,10,7,7,Do not Watch,Negative
Shootout at Lokhandwala,30,0,33,You Decide,Neutral
Shor In the City,3,0,13,Go and Watch,Positive
The Dirty Picture,30,60,10,Do not Watch,Negative
Titletown High,10,3,3,Do not Watch,Negative
EDENS ZERO,20,23,57,You Decide,Neutral
Family Reunion,20,10,70,You Decide,Neutral
"Bob Ross: Happy Accidents, Betrayal & Greed",0,13,0,Do not Watch,Negative
Clickbait,40,17,43,You Decide,Neutral
John of God: The Crimes of a Spiritual Healer,0,0,0,Go and Watch,Positive
Motel Makeover,17,3,17,Do not Watch,Negative
Open Your Eyes,43,27,30,Go and Watch,Positive
Post Mortem: No One Dies in Skarnes,0,3,3,Do not Watch,Negative
Really Love,87,3,10,Go and Watch,Positive
The November Man,33,30,37,You Decide,Neutral
The Old Ways,60,30,10,Go and Watch,Positive
The River Runner,43,20,37,Go and Watch,Positive
The Water Man,27,37,37,Do not Watch,Negative
Wheel of Fortune,40,17,43,You Decide,Neutral
Count Me In,43,3,53,You Decide,Neutral
Oggy Oggy,23,20,57,You Decide,Neutral
Untold: Caitlyn Jenner,3,0,10,Go and Watch,Positive
Boomika,3,0,23,Go and Watch,Positive
Boomika (Hindi),0,0,0,Go and Watch,Positive
Boomika (Malayalam),0,0,0,Go and Watch,Positive
Boomika (Telugu),0,0,0,Go and Watch,Positive
The Witcher: Nightmare of the Wolf,13,7,30,Do not Watch,Negative
Manifest,33,20,47,You Decide,Neutral
Comedy Premium League,0,0,0,Go and Watch,Positive
Everything Will Be Fine,83,10,7,Go and Watch,Positive
Gunshot,10,60,30,Do not Watch,Negative
Korean Cold Noodle Rhapsody,0,0,0,Go and Watch,Positive
Man in Love,67,10,23,Go and Watch,Positive
Sweet Girl,90,7,3,Go and Watch,Positive
The Chair,33,27,40,You Decide,Neutral
The Loud House Movie,13,57,30,Do not Watch,Negative
A Faraway Land,40,23,37,Go and Watch,Positive
Like Crazy,57,43,0,Go and Watch,Positive
Black Island,33,13,53,You Decide,Neutral
Bombay,27,10,63,You Decide,Neutral
Go! Go! Cory Carson,10,0,10,Go and Watch,Positive
Memories of a Murderer: The Nilsen Tapes,0,20,0,Do not Watch,Negative
Nneka The Pretty Serpent,73,27,0,Go and Watch,Positive
O Kadhal Kanmani,7,7,20,Go and Watch,Positive
Out of my league,57,23,20,Go and Watch,Positive
Pahuna,0,3,13,Do not Watch,Negative
The Defeated,17,83,0,Do not Watch,Negative
The Secret Diary of an Exchange Student,0,0,0,Go and Watch,Positive
Untold: Deal With the Devil,3,0,0,Go and Watch,Positive
Mother Goose Club,7,7,13,Go and Watch,Positive
Walk of Shame,17,73,10,Do not Watch,Negative
Rascal Does Not Dream of Bunny Girl Senpai,23,70,7,Do not Watch,Negative
The Creative Indians,23,7,7,Do not Watch,Negative
The Piano,50,20,30,Go and Watch,Positive
Unroyal,23,30,47,You Decide,Neutral
Winx Club,30,23,47,You Decide,Neutral
Beckett,33,23,43,You Decide,Neutral
Brand New Cherry Flavor,10,30,60,You Decide,Neutral
Fast & Furious Spy Racers,3,43,0,Do not Watch,Negative
Gone for Good,83,10,7,Go and Watch,Positive
Grace and Frankie,93,3,3,Go and Watch,Positive
The Kingdom,50,17,33,Go and Watch,Positive
Valeria,3,10,87,You Decide,Neutral
AlRawabi School for Girls,17,27,57,You Decide,Neutral
Lokillo: Nothing's the Same,0,0,0,Go and Watch,Positive
Monster Hunter: Legends of the Guild,7,0,0,Go and Watch,Positive
Bake Squad,23,13,50,You Decide,Neutral
Brother Jekwu,0,0,3,You Decide,Neutral
La diosa del asfalto,3,3,13,Go and Watch,Positive
Misha and the Wolves,10,7,10,Do not Watch,Negative
The Kissing Booth 3,87,7,7,Go and Watch,Positive
The Railway Man,27,43,30,Do not Watch,Negative
Gabby's Dollhouse,57,3,40,Go and Watch,Positive
I Need Romance,57,20,23,Go and Watch,Positive
Las muñecas de la mafia,3,23,73,You Decide,Neutral
The Crowned Clown,37,17,47,You Decide,Neutral
Untold: Malice at the Palace,10,0,7,You Decide,Neutral
SHAMAN KING,10,27,63,You Decide,Neutral
Quartet,20,3,77,You Decide,Neutral
Slay,40,3,57,You Decide,Neutral
Takizawa Kabuki ZERO 2020 The Movie,3,0,0,Go and Watch,Positive
The Paper Tigers,33,30,37,You Decide,Neutral
Hit & Run,23,53,23,Do not Watch,Negative
Navarasa,17,10,73,You Decide,Neutral
Quam's Money,3,0,10,Go and Watch,Positive
The Swarm,53,27,20,Go and Watch,Positive
Vivo,10,20,70,You Decide,Neutral
Chennai Express,17,20,63,You Decide,Neutral
City of God: 10 Years Later,3,0,0,Go and Watch,Positive
Esperando la carroza,3,27,70,You Decide,Neutral
Lady Boss: The Jackie Collins Story,10,0,3,You Decide,Neutral
Tango Feroz,7,17,77,You Decide,Neutral
'76,10,17,73,You Decide,Neutral
Aftermath,20,43,37,Do not Watch,Negative
American Masters: Inventing David Geffen,0,0,0,Go and Watch,Positive
Car Masters: Rust to Riches,7,0,0,Go and Watch,Positive
Cocaine Cowboys: The Kings of Miami,7,0,3,Go and Watch,Positive
Control Z,13,37,50,You Decide,Neutral
Cooking With Paris,57,7,37,Do not Watch,Negative
Autumn's Concerto,10,10,17,You Decide,Neutral
Heavy,20,37,43,You Decide,Neutral
Ije: The Journey,3,0,0,Go and Watch,Positive
Office Girls,63,13,23,Go and Watch,Positive
Pray Away,50,37,13,Go and Watch,Positive
Shiny_Flakes: The Teenage Drug Lord,0,0,0,Go and Watch,Positive
The Prince Who Turns into a Frog,3,3,3,Go and Watch,Positive
Top Secret UFO Projects: Declassified,20,0,3,You Decide,Neutral
Two Fathers,63,20,17,Go and Watch,Positive
You're My Destiny,63,10,27,Go and Watch,Positive
30 Rock,20,20,60,You Decide,Neutral
44 Cats,30,20,50,You Decide,Neutral
Beethoven,20,30,50,You Decide,Neutral
Beethoven's 2nd,23,7,37,Do not Watch,Negative
Beowulf,17,17,67,You Decide,Neutral
Boyka: Undisputed,13,7,30,Do not Watch,Negative
Catch Me If You Can,23,13,63,You Decide,Neutral
Cloudy with a Chance of Meatballs,83,10,7,Go and Watch,Positive
Darwin’s Game,23,23,53,You Decide,Neutral
Deep Blue Sea,43,43,13,Go and Watch,Positive
Ferris Bueller's Day Off,47,7,47,Do not Watch,Negative
Five Feet Apart,23,27,50,You Decide,Neutral
Freedomland,23,10,67,You Decide,Neutral
Friday Night Lights,27,23,50,You Decide,Neutral
Good Luck Chuck,93,3,3,Go and Watch,Positive
Hunter X Hunter (2011),17,3,80,You Decide,Neutral
I missed you: Director's Cut,0,0,0,Go and Watch,Positive
Inception,20,20,60,You Decide,Neutral
Magnolia,13,10,77,You Decide,Neutral
Major Payne,30,20,50,You Decide,Neutral
My Girl,47,17,37,Go and Watch,Positive
My Girl 2,40,33,27,Go and Watch,Positive
Open Season: Scared Silly,0,3,0,Do not Watch,Negative
Pineapple Express,20,23,57,You Decide,Neutral
Planet 51,27,17,57,You Decide,Neutral
Poms,17,3,80,You Decide,Neutral
Seabiscuit,47,17,37,Go and Watch,Positive
Space Cowboys,37,27,37,Go and Watch,Positive
Team America: World Police,40,17,43,You Decide,Neutral
The Edge of Seventeen,47,23,30,Go and Watch,Positive
The Haunting in Connecticut 2: Ghosts of Georgia,0,0,0,Go and Watch,Positive
The Last Boy Scout,33,20,47,You Decide,Neutral
The Lincoln Lawyer,20,17,63,You Decide,Neutral
The Losers,27,67,7,You Decide,Neutral
The Machinist,60,13,27,Go and Watch,Positive
The Net,27,13,60,You Decide,Neutral
The Original Kings of Comedy,33,0,0,Go and Watch,Positive
Valentine's Day,43,20,37,Go and Watch,Positive
Charmed,53,23,23,Go and Watch,Positive
The Lost Café,53,43,3,Go and Watch,Positive
The Vault,27,17,57,You Decide,Neutral
Centaurworld,40,17,43,You Decide,Neutral
Eyes of a Thief,33,47,20,Do not Watch,Negative
Glow Up,23,17,60,You Decide,Neutral
I'm Glad I Did,80,17,3,Go and Watch,Positive
Khawatir,7,10,83,You Decide,Neutral
Myth & Mogul: John DeLorean,0,0,0,Go and Watch,Positive
Outer Banks,30,13,57,You Decide,Neutral
Pomegranates and Myrrh,7,0,0,Go and Watch,Positive
Rurouni Kenshin: The Beginning,17,10,33,You Decide,Neutral
The Last Mercenary,20,57,23,Do not Watch,Negative
Flower Girl,53,3,43,Go and Watch,Positive
Resort to Love,70,20,10,Go and Watch,Positive
Transformers: War for Cybertron: Kingdom,0,63,3,Do not Watch,Negative
Bartkowiak,7,13,80,You Decide,Neutral
Fantastic Fungi,83,7,10,Go and Watch,Positive
Tattoo Redo,40,10,27,Go and Watch,Positive
The Flash,43,33,23,Go and Watch,Positive
The Snitch Cartel: Origins,0,0,0,Go and Watch,Positive
All American,30,33,37,You Decide,Neutral
Department,40,30,30,Go and Watch,Positive
Hostage House,17,53,30,Do not Watch,Negative
How to Sell Drugs Online (Fast),20,13,67,You Decide,Neutral
Mighty Express,33,27,40,You Decide,Neutral
Mimi,10,10,80,You Decide,Neutral
Plastic Cup Boyz: Laughing My Mask Off!,3,0,0,Go and Watch,Positive
The Operative,47,23,30,Go and Watch,Positive
The Walking Dead,7,77,17,Do not Watch,Negative
Wynonna Earp,27,13,60,You Decide,Neutral
Django Unchained,40,7,53,Do not Watch,Negative
A Second Chance:  Rivals!,7,7,0,Go and Watch,Positive
African America,23,30,47,You Decide,Neutral
Bankrolled,50,20,30,Go and Watch,Positive
Blood Red Sky,30,23,47,You Decide,Neutral
Feels Like Ishq,30,3,0,Go and Watch,Positive
Kingdom: Ashin of the North,23,10,63,You Decide,Neutral
Masters of the Universe: Revelation,7,7,87,You Decide,Neutral
Revelations: The Masters of the Universe: Revelation Aftershow,0,0,0,Go and Watch,Positive
Sky Rojo,10,30,60,You Decide,Neutral
The Last Letter From Your Lover,87,7,7,Go and Watch,Positive
The Movies That Made Us,50,30,20,Go and Watch,Positive
9to5: The Story of a Movement,20,0,3,You Decide,Neutral
Chhota Bheem - Dinosaur World,0,0,0,Go and Watch,Positive
Chhota Bheem - Neeli Pahaadi,0,0,0,Go and Watch,Positive
Chhota Bheem & Ganesh,0,0,0,Go and Watch,Positive
Chhota Bheem & Krishna: Mayanagari,0,0,0,Go and Watch,Positive
Chhota Bheem & Krishna: Pataliputra- City of the Dead,0,0,0,Go and Watch,Positive
Chhota Bheem And The Broken Amulet,0,0,0,Go and Watch,Positive
Chhota Bheem And The Crown of Valhalla,0,0,0,Go and Watch,Positive
Chhota Bheem and the Incan Adventure,0,0,0,Go and Watch,Positive
Chhota Bheem and The ShiNobi Secret,0,0,0,Go and Watch,Positive
Chhota Bheem Aur Hanuman,0,0,0,Go and Watch,Positive
Chhota Bheem aur Krishna,0,0,3,You Decide,Neutral
Chhota Bheem aur Krishna vs Zimbara,0,0,0,Go and Watch,Positive
Chhota Bheem in African Safari,0,0,0,Go and Watch,Positive
Chhota Bheem Ka Roosi Romanch,0,0,0,Go and Watch,Positive
Chhota Bheem: Bheem vs Aliens,0,0,0,Go and Watch,Positive
Chhota Bheem: Dholakpur to Kathmandu,0,0,0,Go and Watch,Positive
Chhota Bheem: Dus Pe Dus,0,0,0,Go and Watch,Positive
Chhota Bheem: Journey to Petra,0,0,0,Go and Watch,Positive
Chhota Bheem: Master of Shaolin,0,0,0,Go and Watch,Positive
Chhota Bheem: The Rise of Kirmada,0,0,0,Go and Watch,Positive
Chicago Med,37,17,47,You Decide,Neutral
Cousins,40,20,40,Go and Watch,Positive
Wannabe Courageous,7,0,0,Go and Watch,Positive
Words Bubble Up Like Soda Pop,93,7,0,Go and Watch,Positive
Sanitation Day,43,20,37,Go and Watch,Positive
Sexy Beasts,70,27,3,Go and Watch,Positive
Too Hot to Handle: Brazil,10,0,10,Go and Watch,Positive
Trollhunters: Rise of the Titans,0,7,17,Do not Watch,Negative
Milkwater,3,3,7,You Decide,Neutral
Okupas,3,33,63,You Decide,Neutral
Touch Your Heart,37,17,47,You Decide,Neutral
The Tambour of Retribution,3,0,13,Go and Watch,Positive
Cosmic Sin,13,47,40,Do not Watch,Negative
2 Weeks in Lagos,13,40,47,You Decide,Neutral
Deep,37,20,43,You Decide,Neutral
Explained,53,13,33,Go and Watch,Positive
Fear Street Part 3: 1666,0,13,0,Do not Watch,Negative
Johnny Test,10,3,87,You Decide,Neutral
La ley de Herodes,10,17,73,You Decide,Neutral
Naomi Osaka,20,23,57,You Decide,Neutral
The Beguiled,23,13,63,You Decide,Neutral
The Book of Henry,53,10,37,Go and Watch,Positive
The Twilight Saga: Breaking Dawn: Part 1,13,13,73,You Decide,Neutral
The Twilight Saga: Breaking Dawn: Part 2,3,17,80,You Decide,Neutral
The Twilight Saga: Eclipse,20,17,63,You Decide,Neutral
The Twilight Saga: New Moon,3,20,77,You Decide,Neutral
Twilight,30,13,57,You Decide,Neutral
A Perfect Fit,87,7,7,Go and Watch,Positive
BEASTARS,27,13,60,You Decide,Neutral
Cheech & Chong's Still Smokin,0,0,0,Go and Watch,Positive
Emicida: AmarElo - Live in São Paulo,0,0,0,Go and Watch,Positive
Her Private Life,30,33,37,You Decide,Neutral
Lift Like a Girl,63,20,17,Go and Watch,Positive
My Amanda,43,20,37,Go and Watch,Positive
Never Have I Ever,57,20,23,Go and Watch,Positive
Surf's Up,13,7,80,You Decide,Neutral
The Unknown Saint,40,43,17,Do not Watch,Negative
This Changes Everything,33,33,33,Go and Watch,Positive
A Classic Horror Story,23,57,20,Do not Watch,Negative
Gunpowder Milkshake,23,17,60,You Decide,Neutral
Heist,37,7,57,Do not Watch,Negative
My Unorthodox Life,37,7,57,Do not Watch,Negative
Private Network: Who Killed Manuel Buendía?,0,0,0,Go and Watch,Positive
The Guide to the Perfect Family,73,7,7,Go and Watch,Positive
American Woman,27,33,40,You Decide,Neutral
Bridgerton - The Afterparty,0,7,30,Do not Watch,Negative
Day of Destiny,33,30,37,You Decide,Neutral
Ridley Jones,33,33,33,Go and Watch,Positive
Born to Play,57,37,7,You Decide,Neutral
American Ultra,23,37,40,You Decide,Neutral
The Stand-Up,53,20,27,Go and Watch,Positive
The Tour,40,17,43,You Decide,Neutral
Atypical,20,17,63,You Decide,Neutral
Biohackers,20,17,63,You Decide,Neutral
Fear Street Part 2: 1978,10,10,0,Go and Watch,Positive
Finding Hubby,40,23,37,Go and Watch,Positive
How I Became a Superhero,7,0,3,Go and Watch,Positive
How to Become a Tyrant,23,13,63,You Decide,Neutral
Last Summer,73,10,17,Go and Watch,Positive
Lee Su-geun: The Sense Coach,0,0,0,Go and Watch,Positive
Lethal Love,73,13,13,Go and Watch,Positive
Ratchet and Clank,40,20,40,Go and Watch,Positive
The Cook of Castamar,13,13,43,You Decide,Neutral
Virgin River,27,17,57,You Decide,Neutral
Back to Q82,3,0,0,Go and Watch,Positive
Elize Matsunaga: Once Upon a Crime,0,0,3,You Decide,Neutral
Home Again,37,40,23,Do not Watch,Negative
Midnight Sun,43,10,47,You Decide,Neutral
RESIDENT EVIL: Infinite Darkness,0,93,7,Do not Watch,Negative
Rock the Kasbah,10,3,13,Do not Watch,Negative
Awon Boyz,17,3,10,Do not Watch,Negative
Brick Mansions,17,20,23,You Decide,Neutral
Cat People,37,27,37,Go and Watch,Positive
Clash,7,23,70,You Decide,Neutral
Dogs,47,20,33,Go and Watch,Positive
Major Grom: Plague Doctor,13,7,23,Do not Watch,Negative
Mama Drama,43,23,33,Go and Watch,Positive
Tango With Me,47,30,23,Go and Watch,Positive
The Mire,23,43,33,Do not Watch,Negative
The War Next-door,20,43,37,Do not Watch,Negative
Therapy,27,40,33,Do not Watch,Negative
This Little Love Of Mine,87,7,7,Go and Watch,Positive
Three Thieves,10,60,30,Do not Watch,Negative
A Land Imagined,43,33,23,Go and Watch,Positive
Ask the StoryBots,0,3,0,Do not Watch,Negative
Between,40,47,13,Do not Watch,Negative
Chelsea,40,17,43,You Decide,Neutral
Code Lyoko,37,17,47,You Decide,Neutral
Colony,37,17,47,You Decide,Neutral
Cuckoo,20,10,70,You Decide,Neutral
Derry Girls,40,33,27,Go and Watch,Positive
Girl from Nowhere,10,37,53,You Decide,Neutral
Good Morning Call,73,17,10,Go and Watch,Positive
Har Kisse Ke Hisse: Kaamyaab,0,0,0,Go and Watch,Positive
I AM A KILLER,37,57,7,You Decide,Neutral
I Think You Should Leave with Tim Robinson,13,40,3,Do not Watch,Negative
Kim's Convenience,30,13,57,You Decide,Neutral
Larva,7,27,67,Go and Watch,Positive
Marcella,7,20,73,You Decide,Neutral
Midnight Diner: Tokyo Stories,17,7,43,Do not Watch,Negative
My Little Pony: Friendship Is Magic,80,7,13,Go and Watch,Positive
Orange Is the New Black,17,23,60,You Decide,Neutral
Puffin Rock,57,10,33,Go and Watch,Positive
Rehmataan,0,0,0,Go and Watch,Positive
Return of the Prodigal Son,20,40,40,Do not Watch,Negative
Richie Rich,73,10,17,Go and Watch,Positive
Rise: Ini Kalilah,3,0,3,Go and Watch,Positive
Scream,10,50,40,Do not Watch,Negative
Shtisel,30,0,70,You Decide,Neutral
Si Doel the Movie 2,0,0,0,Go and Watch,Positive
Some Assembly Required,23,7,70,You Decide,Neutral
Tales by Light,43,13,43,Go and Watch,Positive
Terrace House: Opening New Doors,3,0,7,You Decide,Neutral
The A List,53,20,27,Go and Watch,Positive
The New Legends of Monkey,33,3,13,Go and Watch,Positive
The Worst Witch,10,83,7,Do not Watch,Negative
Truckbhar Swapna,0,0,0,Go and Watch,Positive
Ujala,3,3,93,You Decide,Neutral
Undercover,27,30,43,You Decide,Neutral
Workin' Moms,37,23,40,You Decide,Neutral
YooHoo to the Rescue,3,0,0,Go and Watch,Positive
You Are My Spring,60,17,23,Go and Watch,Positive
We the People,23,53,23,Do not Watch,Negative
Grey's Anatomy,17,10,73,You Decide,Neutral
Big Timber,43,0,57,You Decide,Neutral
Fear Street Part 1: 1994,3,23,0,Go and Watch,Positive
Haseen Dillruba,7,0,13,Go and Watch,Positive
Holiday on Mars,30,7,27,Do not Watch,Negative
Mortel,10,17,73,You Decide,Neutral
RattleSnake - The Ahanna Story,3,0,0,Go and Watch,Positive
Snowpiercer,37,20,43,You Decide,Neutral
The 8th Night,47,43,10,Go and Watch,Positive
Winchester,37,13,50,You Decide,Neutral
6 Bullets,17,33,50,You Decide,Neutral
Air Force One,23,30,47,You Decide,Neutral
Audible,37,13,50,You Decide,Neutral
Austin Powers in Goldmember,33,30,37,You Decide,Neutral
Austin Powers: International Man of Mystery,17,13,57,You Decide,Neutral
Austin Powers: The Spy Who Shagged Me,23,20,40,You Decide,Neutral
Boogie Nights,37,20,43,You Decide,Neutral
Bureau of Magical Things,7,0,73,You Decide,Neutral
Charlie's Angels,40,13,47,You Decide,Neutral
Congo,20,23,57,You Decide,Neutral
Dennis the Menace,17,67,17,Do not Watch,Negative
Dreamy Eyes,60,10,30,Go and Watch,Positive
Dynasty Warriors,47,23,30,Go and Watch,Positive
Generation 56k,3,3,7,You Decide,Neutral
Hampstead,53,10,37,Go and Watch,Positive
Kung Fu Panda,7,87,7,Do not Watch,Negative
Kung Fu Panda 2,13,83,3,Do not Watch,Negative
Life as We Know It,33,30,37,You Decide,Neutral
Mary Magdalene,33,13,53,You Decide,Neutral
Masameer County,0,0,0,Go and Watch,Positive
Memoirs of a Geisha,30,0,70,You Decide,Neutral
Midnight Run,37,27,37,Go and Watch,Positive
Mobile Suit Gundam Hathaway,23,7,70,You Decide,Neutral
Mortal Kombat,23,33,43,You Decide,Neutral
Mother's Day,30,17,53,You Decide,Neutral
No Strings Attached,47,50,3,Do not Watch,Negative
Not Another Teen Movie,27,13,60,You Decide,Neutral
Ophelia,27,20,53,You Decide,Neutral
Pet Sematary 2,17,10,33,You Decide,Neutral
Quarantine Tales,7,13,27,Go and Watch,Positive
Rainbow Rangers,20,20,47,You Decide,Neutral
Red Joan,40,20,40,Go and Watch,Positive
Sailor Moon Crystal,43,10,47,You Decide,Neutral
Seven Pounds,33,43,23,Do not Watch,Negative
She's Out of My League,63,17,20,Go and Watch,Positive
Snow Day,57,10,33,Go and Watch,Positive
Star Trek,43,17,40,Go and Watch,Positive
Stuart Little,20,27,53,You Decide,Neutral
Sword of Trust,40,50,10,Do not Watch,Negative
Talladega Nights: The Ballad of Ricky Bobby,17,7,40,Do not Watch,Negative
The American,30,43,27,Do not Watch,Negative
The Best of Enemies,70,30,0,Go and Watch,Positive
The Game,47,20,33,Go and Watch,Positive
The Karate Kid,47,10,43,Go and Watch,Positive
The Karate Kid Part II,30,3,13,Go and Watch,Positive
The Karate Kid Part III,10,0,27,You Decide,Neutral
The Life of David Gale,17,13,57,You Decide,Neutral
The Long Riders,43,20,37,Go and Watch,Positive
The Queen,50,27,23,Go and Watch,Positive
The Strangers,40,33,27,Go and Watch,Positive
The Sum of All Fears,23,73,3,Do not Watch,Negative
The Tourist,40,20,40,Go and Watch,Positive
Underworld,30,30,40,You Decide,Neutral
Underworld: Awakening,13,10,27,You Decide,Neutral
Underworld: Rise of the Lycans,10,13,13,Do not Watch,Negative
Voiceless,40,30,30,Go and Watch,Positive
What Dreams May Come,70,30,0,Go and Watch,Positive
Why Do Fools Fall in Love,73,17,10,Go and Watch,Positive
Working Title,33,10,57,You Decide,Neutral
Young Royals,20,13,67,You Decide,Neutral
America: The Motion Picture,27,17,17,Go and Watch,Positive
Deranged,33,33,33,Go and Watch,Positive
Droppin' Cash: Los Angeles,0,0,0,Go and Watch,Positive
Legend of Exorcism,20,13,67,You Decide,Neutral
Lying and Stealing,13,83,3,Do not Watch,Negative
Mommy Issues,7,33,60,Go and Watch,Positive
Prime Time,30,27,43,You Decide,Neutral
Somos.,3,47,50,You Decide,Neutral
Sophie: A Murder in West Cork,0,7,0,Do not Watch,Negative
The Daily Life of the Immortal King,77,17,7,Go and Watch,Positive
StarBeam,30,13,57,You Decide,Neutral
A Way Back Home,40,27,33,Go and Watch,Positive
Killing Them Softly,7,90,3,Do not Watch,Negative
The Seven Deadly Sins,20,70,10,Do not Watch,Negative
Wanted,33,30,37,You Decide,Neutral
Into the Wind,43,30,27,Go and Watch,Positive
Wonder Boy,17,43,40,Do not Watch,Negative
Here Comes the Rain,20,13,67,You Decide,Neutral
The Ice Road,53,17,30,Go and Watch,Positive
Ray,10,13,77,You Decide,Neutral
Sex/Life,40,33,27,Go and Watch,Positive
Godzilla Singular Point,40,23,37,Go and Watch,Positive
Jiva!,7,0,93,You Decide,Neutral
Sisters on Track,33,23,43,You Decide,Neutral
The Naked Director,17,27,57,You Decide,Neutral
The Seventh Day,40,13,47,You Decide,Neutral
Good on Paper,67,23,10,Go and Watch,Positive
Murder by the Coast,7,23,0,Go and Watch,Positive
The House of Flowers: The Movie,0,0,10,You Decide,Neutral
The Parisian Agency: Exclusive Properties,23,0,0,Go and Watch,Positive
Too Hot to Handle,37,17,47,You Decide,Neutral
Broken,20,63,17,Do not Watch,Negative
O Vendedor de Sonhos,0,13,23,You Decide,Neutral
Osuofia in London,40,17,37,Go and Watch,Positive
Osuofia in London II,0,0,0,Go and Watch,Positive
This Is Pop,53,27,20,Go and Watch,Positive
#Selfie,20,7,73,You Decide,Neutral
#Selfie 69,0,0,0,Go and Watch,Positive
Love Is a Story,67,20,13,Go and Watch,Positive
The Mole,30,33,37,You Decide,Neutral
"Nevertheless,",67,13,20,Go and Watch,Positive
Bangkok Love Stories: Innocence,0,3,0,Do not Watch,Negative
Black Lightning,33,0,67,You Decide,Neutral
Call My Agent!,43,27,30,Go and Watch,Positive
Champions,83,7,10,Go and Watch,Positive
Charité at War,3,10,0,Go and Watch,Positive
Cleo & Cuquin,13,17,47,You Decide,Neutral
Deadwind,17,13,70,You Decide,Neutral
Gameboys Level-Up Edition,0,0,3,You Decide,Neutral
Glee,80,3,17,Go and Watch,Positive
Hap and Leonard,40,20,40,Go and Watch,Positive
Locked Up,30,43,27,Do not Watch,Negative
Mobile Suit Gundam II: Soldiers of Sorrow,0,0,3,You Decide,Neutral
Mobile Suit Gundam III: Encounters in Space,3,0,10,Go and Watch,Positive
Mobile Suit Gundam: Char's Counterattack,13,3,43,You Decide,Neutral
No Time for Shame,23,70,7,Do not Watch,Negative
Pose,27,13,60,You Decide,Neutral
REA(L)OVE,3,3,10,Go and Watch,Positive
Riverdale,47,13,40,Go and Watch,Positive
Schitt's Creek,27,17,57,You Decide,Neutral
The Assassination of Gianni Versace,20,73,7,Do not Watch,Negative
The Judgement,40,40,20,Go and Watch,Positive
The Last Dance,37,23,40,You Decide,Neutral
They've Gotta Have Us,33,23,27,Go and Watch,Positive
Why Are You Like This,50,40,10,Go and Watch,Positive
A Family,60,30,10,Go and Watch,Positive
Elite,27,17,57,You Decide,Neutral
Fatherhood,33,23,43,You Decide,Neutral
Hospital Playlist,27,17,57,You Decide,Neutral
Jagame Thandhiram,10,7,53,Do not Watch,Negative
Kambili: The Whole 30 Yards,3,0,7,You Decide,Neutral
Mobile Suit Gundam I,57,23,20,Go and Watch,Positive
Rurouni Kenshin: The Final,13,7,27,Do not Watch,Negative
So Not Worth It,43,40,17,Go and Watch,Positive
The Rational Life,47,43,10,Go and Watch,Positive
Ali & Ratu Ratu Queens,7,3,83,You Decide,Neutral
Aziza,3,3,93,You Decide,Neutral
Besieged Bread,7,3,13,Go and Watch,Positive
Black Summer,30,7,63,Do not Watch,Negative
Elite Short Stories: Carla Samuel,3,0,20,Go and Watch,Positive
Fan Girl,67,20,13,Go and Watch,Positive
Katla,0,0,100,You Decide,Neutral
Record of Ragnarok,40,7,53,Do not Watch,Negative
Red Snow,40,17,43,You Decide,Neutral
Silver Linings Playbook,40,17,43,You Decide,Neutral
The Gift,93,3,3,Go and Watch,Positive
A Man For The Week End,50,23,27,Go and Watch,Positive
Biking Borders,10,0,7,You Decide,Neutral
Elite Short Stories: Omar Ander Alexis,0,0,10,You Decide,Neutral
Let's Eat,40,23,37,Go and Watch,Positive
Lowriders,50,20,30,Go and Watch,Positive
Millennials,47,33,20,Go and Watch,Positive
Penguin Town,40,10,50,You Decide,Neutral
Security,57,23,20,Go and Watch,Positive
Silver Skates,23,0,37,You Decide,Neutral
Avengers Climate Conundrum,3,0,0,Go and Watch,Positive
Beyond Evil,10,77,13,Do not Watch,Negative
Elite Short Stories: Nadia Guzmán,0,0,23,You Decide,Neutral
FTA,17,3,80,You Decide,Neutral
Headspace: Unwind Your Mind,0,0,0,Go and Watch,Positive
Life of Crime,23,53,23,Do not Watch,Negative
Power Rangers Dino Fury,13,57,30,Do not Watch,Negative
Rhyme Time Town,3,3,0,Go and Watch,Positive
Rogue Warfare: Death of a Nation,0,0,0,Go and Watch,Positive
Sir! No Sir!,27,63,10,Do not Watch,Negative
The American Bible Challenge,0,0,0,Go and Watch,Positive
The Reason I Jump,40,27,33,Go and Watch,Positive
Elite Short Stories: Guzmán Caye Rebe,0,0,13,You Decide,Neutral
Metallica: Some Kind of Monster,13,3,30,You Decide,Neutral
Picture a Scientist,53,17,30,Go and Watch,Positive
The Devil Below,30,53,17,Do not Watch,Negative
Bling Empire - The Afterparty,0,0,0,Go and Watch,Positive
Cobra Kai - The Afterparty,0,0,0,Go and Watch,Positive
Love (ft. Marriage and Divorce),90,0,10,Go and Watch,Positive
To All the Boys: Always and Forever - The Afterparty,0,0,0,Go and Watch,Positive
LEGO Friends: The Power of Friendship,0,0,0,Go and Watch,Positive
Lupin,3,10,87,You Decide,Neutral
Sarbath,17,3,80,You Decide,Neutral
Skater Girl,43,7,50,Do not Watch,Negative
Trese,3,17,80,You Decide,Neutral
Trese After Dark,0,0,0,Go and Watch,Positive
Wish Dragon,70,20,10,Go and Watch,Positive
A Haunted House 2,13,73,13,Do not Watch,Negative
Blind Intersections,23,37,3,Do not Watch,Negative
Camellia Sisters,7,3,3,Go and Watch,Positive
Copenhagen,37,13,50,You Decide,Neutral
Locombianos,0,13,20,You Decide,Neutral
Until Midnight,40,30,30,Go and Watch,Positive
Awake,33,10,57,You Decide,Neutral
Confusion Na Wa,13,17,10,Do not Watch,Negative
"Fresh, Fried & Crispy",63,7,10,Do not Watch,Negative
L.A.’s Finest,3,37,60,You Decide,Neutral
Tragic Jungle,3,20,7,You Decide,Neutral
Guru Aur Bhole,0,0,7,You Decide,Neutral
Vampire Academy,57,10,33,Go and Watch,Positive
"Newly Rich, Newly Poor",13,13,3,You Decide,Neutral
A Private War,23,63,13,Do not Watch,Negative
Kitty Love: An Homage to Cats,0,0,3,You Decide,Neutral
Small Chops,37,23,40,You Decide,Neutral
Breaking Boundaries: The Science Of Our Planet,17,0,10,Go and Watch,Positive
Feel Good,70,23,7,Go and Watch,Positive
Fireplace 4K: Classic Crackling Fireplace from Fireplace for Your Home,0,0,0,Go and Watch,Positive
Fireplace 4K: Crackling Birchwood from Fireplace for Your Home,0,0,0,Go and Watch,Positive
Human: The World Within,57,27,17,Go and Watch,Positive
Sweet & Sour,80,10,10,Go and Watch,Positive
Sweet Tooth,83,17,0,Go and Watch,Positive
Trippin' with the Kandasamys,0,0,7,You Decide,Neutral
Xtreme,10,0,90,You Decide,Neutral
Alan Saldaña: Locked Up,0,0,0,Go and Watch,Positive
Creator's File: GOLD,0,0,0,Go and Watch,Positive
Dancing Queens,47,20,33,Go and Watch,Positive
From Stress to Happiness,57,33,10,Go and Watch,Positive
Myriam Fares: The Journey,0,0,0,Go and Watch,Positive
Pretty Guardian Sailor Moon Eternal The Movie,20,0,0,Go and Watch,Positive
Summertime,43,17,40,Go and Watch,Positive
The Girl and the Gun,47,40,13,Go and Watch,Positive
2 Hearts,40,20,40,Go and Watch,Positive
A Perfect Ending,73,13,13,Go and Watch,Positive
American Outlaws,13,17,70,You Decide,Neutral
And Then Came Lola,13,7,10,Do not Watch,Negative
Attack on Titan,20,70,10,Do not Watch,Negative
Battlefield Earth,40,47,13,Do not Watch,Negative
Ben & Holly's Little Kingdom,37,3,23,Go and Watch,Positive
Black Holes | The Edge of All We Know,3,3,20,Go and Watch,Positive
Bliss,67,13,20,Go and Watch,Positive
Carnaval,0,27,73,You Decide,Neutral
Cloudburst,33,13,53,You Decide,Neutral
Cocomelon,37,30,33,Go and Watch,Positive
Company of Heroes,83,7,10,Go and Watch,Positive
Cradle 2 the Grave,23,37,30,Do not Watch,Negative
Domestic Disturbance,0,97,3,Do not Watch,Negative
Downton Abbey,13,10,77,You Decide,Neutral
Dream/Killer,40,57,3,Do not Watch,Negative
Felon,27,23,50,You Decide,Neutral
Flipped,40,20,40,Go and Watch,Positive
Fools Rush In,23,70,7,Do not Watch,Negative
Gold Statue,43,17,40,Go and Watch,Positive
Happy Endings,67,20,13,Go and Watch,Positive
Hostel: Part III,0,13,13,Do not Watch,Negative
I Am Sam,30,40,30,Do not Watch,Negative
Love Jones,87,7,7,Go and Watch,Positive
Million Dollar Baby,23,20,57,You Decide,Neutral
Mosquita y Mari,0,0,0,Go and Watch,Positive
Never Back Down 2: The Beatdown,0,0,7,You Decide,Neutral
Ninja Assassin,33,27,40,You Decide,Neutral
Ouran High School Host Club,20,17,63,You Decide,Neutral
Population 436,3,7,10,Do not Watch,Negative
Racket Boys,30,10,60,You Decide,Neutral
Seven Souls in the Skull Castle: Season Moon Jogen,0,0,0,Go and Watch,Positive
Seven Souls in the Skull Castle: Season Moon Kagen,0,0,0,Go and Watch,Positive
Sniper: Legacy,10,17,30,You Decide,Neutral
Starsky & Hutch,30,13,57,You Decide,Neutral
Streets of Fire,20,57,23,Do not Watch,Negative
Super Monsters: Once Upon a Rhyme,0,0,0,Go and Watch,Positive
Swordfish,10,23,67,You Decide,Neutral
The Adventures of Sonic the Hedgehog,87,3,10,Go and Watch,Positive
The Four Seasons,37,7,57,Do not Watch,Negative
The Girl King,33,27,40,You Decide,Neutral
The Interpreter,33,27,40,You Decide,Neutral
The Meddler,33,37,30,Do not Watch,Negative
The Mirror Has Two Faces,20,13,37,You Decide,Neutral
The Outlaw Josey Wales,30,20,50,You Decide,Neutral
The Platform,30,33,37,You Decide,Neutral
The Wedding Guest,37,30,33,Go and Watch,Positive
The Wind,60,7,33,Do not Watch,Negative
Then Came You,33,37,30,Do not Watch,Negative
Welcome Home,97,0,3,Go and Watch,Positive
Dirty John,30,50,20,Do not Watch,Negative
Bo Burnham: Inside,47,17,37,Go and Watch,Positive
One Lagos Night,33,40,27,Do not Watch,Negative
Collateral Beauty,87,3,10,Go and Watch,Positive
Dog Gone Trouble,3,10,0,Go and Watch,Positive
The Kominsky Method,27,13,60,You Decide,Neutral
The Least Expected Day: Inside the Movistar Team 2019,0,0,0,Go and Watch,Positive
Word of Honor,80,13,7,Go and Watch,Positive
Black Space,40,27,33,Go and Watch,Positive
Blue Miracle,63,3,33,Go and Watch,Positive
Eden,67,0,33,Go and Watch,Positive
Ghost Lab,33,47,20,Do not Watch,Negative
Ragnarok,30,13,57,You Decide,Neutral
Soy Rada: Serendipity,0,0,0,Go and Watch,Positive
The Day I lost My Shadow,10,7,3,Do not Watch,Negative
Baggio: The Divine Ponytail,20,0,7,You Decide,Neutral
Motu Patlu: Deep Sea Adventure,0,0,0,Go and Watch,Positive
Durarara!!,40,3,57,You Decide,Neutral
Universal Soldier: The Return,10,3,3,Do not Watch,Negative
Safe Haven,70,7,23,Go and Watch,Positive
Little Big Women,23,40,37,Do not Watch,Negative
Nailed It! Mexico,10,3,17,Do not Watch,Negative
Nocturnal Animals,27,10,63,You Decide,Neutral
Over Christmas,33,30,37,You Decide,Neutral
Love & Anarchy,83,3,13,Go and Watch,Positive
Someone Has to Die,13,77,10,Do not Watch,Negative
Golmaal Returns,13,0,13,Go and Watch,Positive
Transformers: Cyberverse,40,23,37,Go and Watch,Positive
(Un)Well,53,20,27,Go and Watch,Positive
The Players,57,17,27,Go and Watch,Positive
Vivah,17,7,77,You Decide,Neutral
True: Rainbow Rescue,3,0,3,Go and Watch,Positive
The Wrong Missy,17,70,13,Do not Watch,Negative
After Life,43,33,23,Go and Watch,Positive
Saint Seiya,0,43,57,You Decide,Neutral
Angu Vaikuntapurathu (Malayalam),0,0,0,Go and Watch,Positive
Jada,23,30,47,You Decide,Neutral
Until Dawn,27,33,40,You Decide,Neutral
Isoken,7,0,93,You Decide,Neutral
Mike Birbiglia: What I Should Have Said Was Nothing: Tales from My Secret Public Journal,0,0,0,Go and Watch,Positive
Maid-Sama!,33,17,50,You Decide,Neutral
Rhythm + Flow,33,37,30,Do not Watch,Negative
Moving Art,53,13,33,Go and Watch,Positive
My First First Love,73,13,13,Go and Watch,Positive
Pihu,10,0,90,You Decide,Neutral
The Society,40,37,23,Go and Watch,Positive
Quicksand,20,33,47,You Decide,Neutral
That Thing Called Tadhana,20,3,33,You Decide,Neutral
LEGO Marvel Super Heroes: Guardians of the Galaxy,0,0,0,Go and Watch,Positive
Sam Kinison: The Scream Continues,0,0,0,Go and Watch,Positive
Haunted House,30,63,7,You Decide,Neutral
Hattrick,27,13,60,You Decide,Neutral
Eric ldle's What About Dick?,0,0,0,Go and Watch,Positive
Super Monsters Monster Party,0,0,0,Go and Watch,Positive
Invisible,40,10,50,You Decide,Neutral
Bad Genius,27,70,3,Do not Watch,Negative
Todo lo que sería Lucas Lauriente,0,0,0,Go and Watch,Positive
Love Per Square Foot,17,0,0,Go and Watch,Positive
DreamWorks Home: For the Holidays,0,0,0,Go and Watch,Positive
Generation Iron 2,3,3,0,Go and Watch,Positive
LEGO Marvel Super Heroes: Avengers Reassembled!,0,0,0,Go and Watch,Positive
Shimmer Lake,17,0,7,You Decide,Neutral
Win It All,57,37,7,You Decide,Neutral
We're Lalaloopsy,0,0,0,Go and Watch,Positive
They Are Everywhere,33,47,20,Do not Watch,Negative
The Fundamentals of Caring,83,10,7,Go and Watch,Positive
Breaking Bad,13,83,3,Do not Watch,Negative
A Haunting at Silver Falls: The Return,0,0,0,Go and Watch,Positive
American Experience: The Island Murder,0,0,0,Go and Watch,Positive
Barbie: Princess Charm School,93,3,3,Go and Watch,Positive
Blue Mountain State: The Rise of Thadland,0,0,0,Go and Watch,Positive
Chal Mere Bhai,30,10,60,You Decide,Neutral
Crash,13,73,13,Do not Watch,Negative
Dr. Seuss' The Grinch,33,3,23,Go and Watch,Positive
Farce,10,70,20,Do not Watch,Negative
Get Santa,57,20,23,Go and Watch,Positive
Have You Seen the Listers?,0,0,0,Go and Watch,Positive
I Am Not Madame Bovary,0,3,0,Do not Watch,Negative
Jonathan Strange & Mr Norrell,37,60,3,Do not Watch,Negative
Kung Fu Magoo,0,0,0,Go and Watch,Positive
Los tiempos de Pablo Escobar,3,30,67,You Decide,Neutral
Memoir of a Murderer,7,83,10,Do not Watch,Negative
My Life My Story,30,10,60,You Decide,Neutral
OCTB,3,3,93,You Decide,Neutral
Pick of the Litter,50,17,33,Go and Watch,Positive
Rebelde,3,17,80,You Decide,Neutral
Sat Sri Akal,30,0,70,You Decide,Neutral
Slobby's World,0,0,0,Go and Watch,Positive
Swiss Army Man,37,13,50,You Decide,Neutral
The Cell,50,27,23,Go and Watch,Positive
The Heat: A Kitchen (R)evolution,0,0,0,Go and Watch,Positive
The NSU-Complex,0,0,0,Go and Watch,Positive
The Tuxedo,43,20,37,Go and Watch,Positive
Tunisian Victory,100,0,0,Go and Watch,Positive
Wild Alaska,37,23,40,You Decide,Neutral
Jailbirds New Orleans,0,0,13,You Decide,Neutral
Sankofa,60,10,30,Go and Watch,Positive
The Starling,47,10,43,Go and Watch,Positive
Minsara Kanavu,10,0,30,You Decide,Neutral
Birth of the Dragon,43,37,20,Go and Watch,Positive
Safe House,73,13,13,Go and Watch,Positive
King of Boys,30,27,43,You Decide,Neutral
Little Singham - Black Shadow,0,0,0,Go and Watch,Positive
Tughlaq Durbar (Telugu),0,0,0,Go and Watch,Positive
Tayo the Little Bus,13,7,27,Do not Watch,Negative
Dive Club,50,10,40,Go and Watch,Positive
Money Heist: From Tokyo to Berlin,0,0,3,You Decide,Neutral
Chappie,43,27,30,Go and Watch,Positive
Cold Mountain,57,17,27,Go and Watch,Positive
Freedom Writers,73,13,13,Go and Watch,Positive
Kuroko's Basketball,23,23,53,You Decide,Neutral
Marshall,43,13,43,Go and Watch,Positive
Oldsters,23,33,43,You Decide,Neutral
The Blue Lagoon,37,13,50,You Decide,Neutral
