Web Series,Positive,Negative,Neutral,Analysis,Status,EncodedStatus,numVotes,averageRating,rotten_Tomatoes,Calculated_rating
Dick Johnson Is Dead,10,37,7,You Decide,Neutral,2,1124,7.8,7.5,5
Blood & Water,23,23,53,You Decide,Neutral,2,2064,7.8,6.8,4.9
Ganglands,33,13,53,You Decide,Neutral,2,1181,8.4,4.1,4.2
Jailbirds New Orleans,0,0,13,You Decide,Neutral,2,4676,8.6,6.2,4.9
Kota Factory,23,13,63,You Decide,Neutral,2,1231,8.4,7.1,5
Midnight Mass,27,17,57,You Decide,Neutral,2,1311,8.6,8,5
My Little Pony: A New Generation,13,7,80,You Decide,Neutral,2,1787,7.5,6,4.5
Sankofa,60,10,30,Go and Watch,Positive,1,21997,8.4,6.5,5
The Great British Baking Show,93,7,0,Go and Watch,Positive,1,1024,8.2,3.5,3.9
The Starling,50,7,43,Do not Watch,Negative,0,1068,8.2,8.3,5
"Vendetta: Truth, Lies and The Mafia",0,0,0,Go and Watch,Positive,1,1154,7.4,7.4,4.9
Bangkok Breaking,13,7,57,Do not Watch,Negative,0,3327,7.7,6.2,4.6
Je Suis Karl,7,10,83,You Decide,Neutral,2,1444,6.3,8,4.8
Confessions of an Invisible Girl,3,0,7,You Decide,Neutral,2,1677,4.7,5.9,3.5
Crime Stories: India Detectives,0,0,0,Go and Watch,Positive,1,1650,8.5,7.2,5
Dear White People,83,10,7,Go and Watch,Positive,1,1897,7.4,6.9,4.8
Europe's Most Dangerous Man: Otto Skorzeny in Spain,0,10,0,Do not Watch,Negative,0,2868,6.6,8.1,4.9
Falsa identidad,3,7,90,You Decide,Neutral,2,14774,8.5,8.6,5
Intrusion,30,27,43,You Decide,Neutral,2,1171,8.2,8,5
Jaguar,20,23,57,You Decide,Neutral,2,1374,7.9,8,5
Monsters Inside: The 24 Faces of Billy Milligan,10,3,20,Do not Watch,Negative,0,5084,7.9,7.9,5
Resurrection: Ertugrul,17,0,83,You Decide,Neutral,2,1360,8.4,6.3,4.9
Avvai Shanmughi,13,10,7,You Decide,Neutral,2,1835,6,5.9,4
Go! Go! Cory Carson: Chrissy Takes the Wheel,0,0,3,You Decide,Neutral,2,1389,7,8.2,5
Jeans,33,20,47,You Decide,Neutral,2,2322,8.4,8,5
Love on the Spectrum,73,17,10,Go and Watch,Positive,1,6735,7.5,7,4.8
Minsara Kanavu,10,0,30,You Decide,Neutral,2,2580,8,6,4.7
Grown Ups,27,37,37,Do not Watch,Negative,0,5147,8.2,6.7,5
Dark Skies,63,10,27,Go and Watch,Positive,1,2341,7.4,6.5,4.6
Paranoia,17,63,20,Do not Watch,Negative,0,3120,8.2,6.4,4.9
Ankahi Kahaniya,0,0,0,Go and Watch,Positive,1,1204,7.7,6.5,4.7
Chicago Party Aunt,50,0,0,Go and Watch,Positive,1,1346,7.4,6.3,4.6
Sex Education,17,27,57,You Decide,Neutral,2,3180,6.6,7.9,4.8
Squid Game,17,23,60,You Decide,Neutral,2,1066,8,5.7,4.6
Tayo and Little Wizards,0,0,0,Go and Watch,Positive,1,3237,8.3,7.2,5
The Father Who Moves Mountains,3,3,0,Go and Watch,Positive,1,1085,7.6,7,4.9
The Stronghold,43,40,17,Go and Watch,Positive,1,1932,8.1,5.8,4.6
Angry Birds,23,73,3,Do not Watch,Negative,0,1265,7.8,6.5,4.8
Birth of the Dragon,43,37,20,Go and Watch,Positive,1,7926,7.3,6.7,4.7
Chhota Bheem,43,7,50,Do not Watch,Negative,0,1815,7.1,8,5
He-Man and the Masters of the Universe,30,7,63,Do not Watch,Negative,0,1473,7.6,5.3,4.3
Jaws,13,30,57,You Decide,Neutral,2,3176,8,8.8,5
Jaws 2,33,13,53,You Decide,Neutral,2,3523,7.7,6.9,4.9
Jaws 3,40,20,40,Go and Watch,Positive,1,71073,9,6.9,5
Jaws: The Revenge,17,80,3,Do not Watch,Negative,0,2344,8,7.7,5
My Heroes Were Cowboys,3,0,0,Go and Watch,Positive,1,12235,8.3,6.3,4.9
Safe House,70,17,13,Go and Watch,Positive,1,31143,8.6,5.8,4.8
The Smart Money Woman,73,20,7,Go and Watch,Positive,1,4823,5.5,6.8,4.1
Training Day,60,10,30,Go and Watch,Positive,1,1002,7.9,6.8,4.9
Castle and Castle,53,20,27,Go and Watch,Positive,1,32833,7.5,6.3,4.6
Dharmakshetra,10,10,10,Go and Watch,Positive,1,3076,7,7.3,4.8
InuYasha the Movie 2: The Castle Beyond the Looking Glass,0,0,0,Go and Watch,Positive,1,1358,7.7,6.8,4.8
InuYasha the Movie 3: Swords of an Honorable Ruler,0,0,0,Go and Watch,Positive,1,1226,8.2,7,5
InuYasha the Movie 4: Fire on the Mystic Island,0,0,0,Go and Watch,Positive,1,6772,8.3,6,4.8
InuYasha the Movie: Affections Touching Across Time,3,0,0,Go and Watch,Positive,1,1323,7.7,6.3,4.7
Nailed It,27,3,70,You Decide,Neutral,2,8733,8.3,6.8,5
Naruto Shippuden the Movie: Blood Prison,0,0,0,Go and Watch,Positive,1,1392,7.2,6.7,4.6
Naruto Shippûden the Movie: Bonds,0,0,3,You Decide,Neutral,2,3652,7,7,4.7
Naruto Shippûden the Movie: The Will of Fire,0,0,0,Go and Watch,Positive,1,6824,7.1,6.4,4.5
Naruto Shippuden: The Movie,13,53,33,Do not Watch,Negative,0,3880,8.5,6.7,5
Dick Johnson Is Dead,10,37,7,You Decide,Neutral,2,8027,7.2,7.9,5
Blood & Water,27,20,53,You Decide,Neutral,2,2262,8.4,6.6,5
Ganglands,33,13,53,You Decide,Neutral,2,18664,7,6.4,4.5
Jailbirds New Orleans,0,0,13,You Decide,Neutral,2,2267,7.2,8,5
Kota Factory,20,17,63,You Decide,Neutral,2,2432,7.4,7.2,4.9
Midnight Mass,23,17,60,You Decide,Neutral,2,4556,7.5,7,4.8
My Little Pony: A New Generation,17,7,77,You Decide,Neutral,2,3162,8.4,7.4,5
Sankofa,60,10,30,Go and Watch,Positive,1,1887,7.6,7.2,4.9
The Great British Baking Show,93,7,0,Go and Watch,Positive,1,35307,8.4,6.8,5
The Starling,47,10,43,Go and Watch,Positive,1,3368,8,8.3,5
"Vendetta: Truth, Lies and The Mafia",0,0,0,Go and Watch,Positive,1,4301,6.5,7.8,4.8
Bangkok Breaking,13,7,57,Do not Watch,Negative,0,2143,7.3,7.9,5
Je Suis Karl,7,10,83,You Decide,Neutral,2,7243,8.2,6.9,5
Confessions of an Invisible Girl,3,0,7,You Decide,Neutral,2,1184,7.2,9,5
Crime Stories: India Detectives,0,0,0,Go and Watch,Positive,1,2499,7,8.1,5
Dear White People,83,10,7,Go and Watch,Positive,1,14469,8,7.6,5
Europe's Most Dangerous Man: Otto Skorzeny in Spain,0,10,0,Do not Watch,Negative,0,4167,7.8,7.2,5
Falsa identidad,3,7,90,You Decide,Neutral,2,17214,7.5,6.5,4.7
Intrusion,27,30,43,You Decide,Neutral,2,1668,7.4,7.7,5
Jaguar,20,23,57,You Decide,Neutral,2,2219,6.3,7.9,4.7
Monsters Inside: The 24 Faces of Billy Milligan,10,3,20,Do not Watch,Negative,0,12845,7.3,7,4.8
Resurrection: Ertugrul,17,0,83,You Decide,Neutral,2,2882,7,8.8,5
Avvai Shanmughi,13,10,7,You Decide,Neutral,2,4782,7.7,6.9,4.9
Go! Go! Cory Carson: Chrissy Takes the Wheel,0,0,3,You Decide,Neutral,2,12491,7.8,6.5,4.8
Jeans,30,23,47,You Decide,Neutral,2,2779,7.7,7.1,4.9
Love on the Spectrum,77,13,10,Go and Watch,Positive,1,1056,7.3,7.3,4.9
Minsara Kanavu,10,0,30,You Decide,Neutral,2,3927,7.9,7.7,5
Grown Ups,33,37,30,Do not Watch,Negative,0,1395,7.1,7,4.7
Dark Skies,63,10,27,Go and Watch,Positive,1,3219,7.2,6,4.4
Paranoia,3,60,37,Do not Watch,Negative,0,1826,6.5,6.3,4.3
Ankahi Kahaniya,0,0,0,Go and Watch,Positive,1,2507,7.6,7.9,5
Chicago Party Aunt,57,0,0,Go and Watch,Positive,1,6088,5.1,6.5,3.9
Sex Education,23,23,53,You Decide,Neutral,2,1149,8.2,7,5
Squid Game,20,27,53,You Decide,Neutral,2,2452,7.3,7.5,4.9
Tayo and Little Wizards,0,0,0,Go and Watch,Positive,1,10953,8.2,8.8,5
The Father Who Moves Mountains,3,3,0,Go and Watch,Positive,1,1335,6.7,5.7,4.1
The Stronghold,37,47,17,Do not Watch,Negative,0,5764,7.2,7,4.7
Angry Birds,23,73,3,Do not Watch,Negative,0,8632,7.9,8,5
Birth of the Dragon,43,37,20,Go and Watch,Positive,1,13291,7.4,7.6,5
Chhota Bheem,43,7,50,Do not Watch,Negative,0,1959,7.1,7.2,4.8
He-Man and the Masters of the Universe,30,7,63,Do not Watch,Negative,0,6584,7.3,6.8,4.7
Jaws,23,20,57,You Decide,Neutral,2,1126,8.2,7.2,5
Jaws 2,33,13,53,You Decide,Neutral,2,1278,6.8,8,4.9
Jaws 3,37,23,40,You Decide,Neutral,2,4375,8.1,8.5,5
Jaws: The Revenge,17,80,3,Do not Watch,Negative,0,18896,7.5,7.5,5
My Heroes Were Cowboys,3,0,0,Go and Watch,Positive,1,1447,7.9,7.4,5
Safe House,73,13,13,Go and Watch,Positive,1,3936,8,7.1,5
The Smart Money Woman,73,20,7,Go and Watch,Positive,1,2178,6.9,8.1,5
Training Day,67,13,20,Go and Watch,Positive,1,2587,7.4,7.5,5
Castle and Castle,50,20,30,Go and Watch,Positive,1,1606,6.2,7.3,4.5
Dharmakshetra,10,10,10,Go and Watch,Positive,1,8060,7.9,7,5
InuYasha the Movie 2: The Castle Beyond the Looking Glass,0,0,0,Go and Watch,Positive,1,3669,7.4,3.8,3.7
InuYasha the Movie 3: Swords of an Honorable Ruler,0,0,0,Go and Watch,Positive,1,1430,7.5,7.1,4.9
InuYasha the Movie 4: Fire on the Mystic Island,0,0,0,Go and Watch,Positive,1,9055,8,7.1,5
InuYasha the Movie: Affections Touching Across Time,3,0,0,Go and Watch,Positive,1,1535,7.3,8.3,5
Nailed It,33,13,53,You Decide,Neutral,2,73391,8.3,6.7,5
Naruto Shippuden the Movie: Blood Prison,0,0,0,Go and Watch,Positive,1,2209,7.1,7.7,4.9
Naruto Shippûden the Movie: Bonds,0,0,3,You Decide,Neutral,2,3132,7.6,7.6,5
Naruto Shippûden the Movie: The Will of Fire,0,0,0,Go and Watch,Positive,1,2046,7.2,8.4,5
Naruto Shippuden: The Movie,13,53,33,Do not Watch,Negative,0,4841,8.8,8,5
Naruto Shippuden: The Movie: The Lost Tower,7,0,0,Go and Watch,Positive,1,2278,7.6,8.3,5
Naruto the Movie 2: Legend of the Stone of Gelel,0,0,0,Go and Watch,Positive,1,1170,6.7,6.9,4.5
Naruto the Movie 3: Guardians of the Crescent Moon Kingdom,0,0,0,Go and Watch,Positive,1,2094,6.5,6.5,4.3
Naruto the Movie: Ninja Clash in the Land of Snow,0,7,3,Do not Watch,Negative,0,1685,7.7,6.8,4.8
Nightbooks,17,13,33,You Decide,Neutral,2,2518,8.1,6.5,4.9
Numberblocks,27,17,57,You Decide,Neutral,2,3073,6.9,7.8,4.9
Raja Rasoi Aur Anya Kahaniyan,3,0,0,Go and Watch,Positive,1,2711,7.3,7,4.8
Saved by the Bell,80,10,10,Go and Watch,Positive,1,12372,8.4,8,5
Schumacher,43,13,43,Go and Watch,Positive,1,1211,7.8,7.7,5
Stories by Rabindranath Tagore,13,0,3,You Decide,Neutral,2,2528,7.2,7,4.7
Too Hot To Handle: Latino,7,3,13,Go and Watch,Positive,1,3208,7.4,7.2,4.9
A StoryBots Space Adventure,0,0,0,Go and Watch,Positive,1,3133,7.6,7.1,4.9
Jack Whitehall: Travels with My Father,0,3,3,Do not Watch,Negative,0,1503,7.3,6.8,4.7
King of Boys,30,27,43,You Decide,Neutral,2,1221,7.5,8.8,5
The World's Most Amazing Vacation Rentals,10,0,0,Go and Watch,Positive,1,9445,8.5,7.1,5
You vs. Wild: Out Cold,0,0,0,Go and Watch,Positive,1,5614,8.1,7.9,5
Yowamushi Pedal,27,17,57,You Decide,Neutral,2,1102,7.7,8.6,5
Little Singham - Black Shadow,0,0,0,Go and Watch,Positive,1,5683,7.3,6.8,4.7
Tughlaq Durbar,3,3,0,Go and Watch,Positive,1,1251,6.9,6.9,4.6
Tughlaq Durbar (Telugu),0,0,0,Go and Watch,Positive,1,1701,7.6,6.3,4.6
Firedrake the Silver Dragon,0,0,0,Go and Watch,Positive,1,2181,7.1,7.6,4.9
Kate,23,7,70,You Decide,Neutral,2,7509,8.6,7.3,5
Lucifer,20,23,57,You Decide,Neutral,2,1735,6.9,7.1,4.7
Metal Shop Masters,7,3,3,Go and Watch,Positive,1,2188,6.8,7.5,4.8
Omo Ghetto: the Saga,17,10,10,Go and Watch,Positive,1,3556,7.4,7.8,5
Pokémon Master Journeys: The Series,7,0,7,Go and Watch,Positive,1,2566,8,8.8,5
Prey,40,37,23,Go and Watch,Positive,1,4471,7.5,7.5,5
Titipo Titipo,23,0,67,You Decide,Neutral,2,12388,6.7,7.8,4.8
Blood Brothers: Malcolm X & Muhammad Ali,0,0,7,You Decide,Neutral,2,1136,7.2,7.8,5
Mighty Raju,7,0,20,Go and Watch,Positive,1,3198,7.1,7.3,4.8
Paradise Hills,73,10,17,Go and Watch,Positive,1,1526,7.4,7,4.8
The Women and the Murderer,20,70,10,Do not Watch,Negative,0,1285,6.9,7.7,4.9
Into the Night,33,27,40,You Decide,Neutral,2,1815,6.8,7.3,4.7
JJ+E,33,13,53,You Decide,Neutral,2,1338,7,7.2,4.7
Show Dogs,47,27,27,Go and Watch,Positive,1,67322,8.8,7.8,5
The Circle,60,17,23,Go and Watch,Positive,1,1956,7,8.7,5
If I Leave Here Tomorrow: A Film About Lynyrd Skynyrd,0,0,0,Go and Watch,Positive,1,15925,7.6,7.9,5
Kid Cosmic,17,23,60,You Decide,Neutral,2,1093,7.6,8.9,5
Octonauts: Above & Beyond,7,3,0,Go and Watch,Positive,1,30053,7.9,6.1,4.7
On the Verge,30,43,27,Do not Watch,Negative,0,12015,8.1,6.2,4.8
Tobot Galaxy Detectives,0,0,3,You Decide,Neutral,2,2856,7.9,6.7,4.9
Untold: Breaking Point,13,3,13,Do not Watch,Negative,0,1213,7.1,7.4,4.8
Countdown: Inspiration4 Mission to Space,23,0,57,You Decide,Neutral,2,2526,6.6,6.7,4.4
Shadow Parties,50,33,17,Go and Watch,Positive,1,1442,7.7,8.4,5
Tayo the Little Bus,13,7,27,Do not Watch,Negative,0,1762,6.2,7.6,4.6
Angamaly Diaries,17,0,47,You Decide,Neutral,2,6956,8.1,8,5
Bunk'd,40,20,40,Go and Watch,Positive,1,2743,6.9,9.1,5
A Champion Heart,77,17,7,Go and Watch,Positive,1,1354,8.2,7.9,5
Dive Club,50,10,40,Go and Watch,Positive,1,4783,8,7,5
La casa de papel,7,30,63,Go and Watch,Positive,1,5277,7.8,7,4.9
Money Heist: From Tokyo to Berlin,0,0,3,You Decide,Neutral,2,3424,6.4,8.6,5
Sharkdog,23,37,40,You Decide,Neutral,2,1690,7.6,7.4,5
Worth,60,27,13,Go and Watch,Positive,1,13966,8.3,7.7,5
Afterlife of the Party,53,47,0,Go and Watch,Positive,1,2655,6.7,7,4.6
Anjaam,10,7,83,You Decide,Neutral,2,1773,8.1,7,5
Bright Star,67,10,23,Go and Watch,Positive,1,1523,8.7,8,5
Dhanak,40,7,53,Do not Watch,Negative,0,2042,7.1,6.9,4.7
Final Account,33,20,47,You Decide,Neutral,2,4711,8.1,6.9,5
Gurgaon,20,37,43,You Decide,Neutral,2,1181,8.4,6.6,5
Here and There,33,40,27,Do not Watch,Negative,0,2940,7.8,7.3,5
Heroes of Goo Jit Zu,43,0,0,Go and Watch,Positive,1,2679,8.3,8.5,5
Hotel Del Luna,17,23,60,You Decide,Neutral,2,7137,7.9,7.6,5
In the Cut,20,63,17,Do not Watch,Negative,0,1291,7.6,6.2,4.6
Luv Kushh,0,0,0,Go and Watch,Positive,1,4889,8.1,7,5
Pororo - The Little Penguin,7,7,10,Go and Watch,Positive,1,3849,7.8,8.1,5
Q-Force,20,23,57,You Decide,Neutral,2,2840,4.8,7.5,4.1
Shikara,40,27,33,Go and Watch,Positive,1,2027,6.8,7.4,4.7
A Cinderella Story,37,10,53,You Decide,Neutral,2,5244,7.7,8.7,5
Agatha Christie's Crooked House,0,0,0,Go and Watch,Positive,1,50123,8.4,8.7,5
An Unfinished Life,20,47,33,Do not Watch,Negative,0,3337,7.1,7.5,4.9
Barbie Big City Big Dreams,93,3,3,Go and Watch,Positive,1,4234,7.7,7.3,5
Blade Runner: The Final Cut,23,60,17,Do not Watch,Negative,0,3312,7.5,8.5,5
Brave Animated Series,53,7,10,Do not Watch,Negative,0,7826,7.9,7.1,5
Chappie,43,27,30,Go and Watch,Positive,1,5097,7.3,6.8,4.7
Clear and Present Danger,27,63,10,Do not Watch,Negative,0,5699,7.6,9,5
Cliffhanger,43,20,37,Go and Watch,Positive,1,1275,7.8,6.6,4.8
Cold Mountain,57,17,27,Go and Watch,Positive,1,1516,8.1,7.8,5
Crocodile Dundee in Los Angeles,0,0,7,You Decide,Neutral,2,2163,6.8,7.5,4.8
Dear John,80,7,13,Go and Watch,Positive,1,2983,7.9,7.8,5
Do the Right Thing,57,30,13,Go and Watch,Positive,1,6608,7.1,7.9,5
"El patrón, radiografía de un crimen",3,0,47,You Decide,Neutral,2,2616,7,6.3,4.4
Extraction,43,27,30,Go and Watch,Positive,1,1165,7.2,5,4.1
Freedom Writers,73,13,13,Go and Watch,Positive,1,1707,8.3,8,5
Green Lantern,50,10,40,Go and Watch,Positive,1,3329,8.1,6.1,4.7
House Party,67,27,7,You Decide,Neutral,2,3954,8.9,7.6,5
House Party 2,47,33,20,Go and Watch,Positive,1,3222,7.5,8.2,5
House Party 3,47,27,27,Go and Watch,Positive,1,5929,7.4,6.9,4.8
How to Be a Cowboy,50,27,23,Go and Watch,Positive,1,2000,7.3,8,5
HQ Barbers,0,0,0,Go and Watch,Positive,1,1058,7.6,7.2,4.9
I Got the Hook Up,53,13,33,Go and Watch,Positive,1,5609,5.1,6.6,3.9
In Too Deep,40,27,33,Go and Watch,Positive,1,14662,8.4,8.6,5
Initial D,23,27,50,You Decide,Neutral,2,5376,7.8,8.5,5
Janoskians: Untold and Untrue,0,0,0,Go and Watch,Positive,1,4672,7.5,7.5,5
Kid-E-Cats,0,0,13,You Decide,Neutral,2,1435,6.5,7.8,4.8
Kuroko's Basketball,23,23,53,You Decide,Neutral,2,5880,7.3,8.1,5
Labyrinth,27,17,57,You Decide,Neutral,2,16235,7.4,7.2,4.9
Letters to Juliet,7,3,90,You Decide,Neutral,2,3169,6.9,8.1,5
Level 16,37,17,47,You Decide,Neutral,2,4232,8.5,7,5
Love Don't Cost a Thing,90,10,0,Go and Watch,Positive,1,2499,7.1,7.3,4.8
Love in a Puff,83,10,7,Go and Watch,Positive,1,18016,7.4,9,5
Major Dad,53,23,23,Go and Watch,Positive,1,1496,8.6,7.2,5
Mars Attacks!,3,90,7,Do not Watch,Negative,0,4176,7.2,7.2,4.8
Marshall,43,13,43,Go and Watch,Positive,1,1610,6.5,6.8,4.4
My Boss's Daughter,50,17,33,Go and Watch,Positive,1,5442,8.2,7.9,5
Mystery Men,40,43,17,Do not Watch,Negative,0,2155,6.8,6.2,4.3
Oldsters,23,33,43,You Decide,Neutral,2,2256,7.7,8.8,5
Once Upon a Time in America,23,10,67,You Decide,Neutral,2,6918,8.1,7.4,5
Open Season 2,43,20,37,Go and Watch,Positive,1,1239,6.7,8,4.9
Osmosis Jones,27,10,63,You Decide,Neutral,2,9480,7.1,7.2,4.8
Poseidon,40,17,43,You Decide,Neutral,2,1850,8,7.4,5
Rhyme & Reason,17,50,33,Do not Watch,Negative,0,22112,9.2,6.8,5
Same Kind of Different as Me,67,7,27,Do not Watch,Negative,0,2082,6.7,5.5,4.1
School of Rock,47,10,43,Go and Watch,Positive,1,4807,8.2,6.1,4.8
Snervous Tyler Oakley,0,0,0,Go and Watch,Positive,1,1136,8.4,6.7,5
Tears of the Sun,47,47,7,You Decide,Neutral,2,84746,8.7,8.6,5
The Blue Lagoon,37,13,50,You Decide,Neutral,2,1319,4.5,6.8,3.8
The Golden Child,27,23,50,You Decide,Neutral,2,7733,7.4,4,3.8
The Guns of Navarone,20,13,67,You Decide,Neutral,2,3722,6.5,8.5,5
The Interview,43,23,33,Go and Watch,Positive,1,1534,6.6,7.8,4.8
The Nutty Professor,27,27,47,You Decide,Neutral,2,42931,8.1,2.8,3.6
The Nutty Professor II: The Klumps,7,10,10,Go and Watch,Positive,1,7262,7.3,7.7,5
Turning Point: 9/11 and the War on Terror,0,17,0,Do not Watch,Negative,0,7806,7,7,4.7
Welcome Home Roscoe Jenkins,90,7,0,Go and Watch,Positive,1,1104,8.1,7.9,5
In the Line of Fire,40,53,7,You Decide,Neutral,2,5519,7,7,4.7
Sparking Joy,83,17,0,Go and Watch,Positive,1,2640,6.7,6.1,4.3
Untold: Crime & Penalties,3,17,3,Go and Watch,Positive,1,11129,8.1,6.6,4.9
Hometown Cha-Cha-Cha,20,20,60,You Decide,Neutral,2,3923,6.8,7,4.6
The Ingenuity of the Househusband,0,0,3,You Decide,Neutral,2,2349,7.6,8.4,5
2 Alone in Paris,7,10,3,Go and Watch,Positive,1,6228,6.7,6.6,4.4
Bread Barbershop,7,7,10,Go and Watch,Positive,1,10763,6.5,7.9,4.8
Thimmarusu,17,0,3,You Decide,Neutral,2,1646,7.9,7.3,5
Wind River,40,23,37,Go and Watch,Positive,1,1887,7.1,7.8,5
C Kkompany,0,0,0,Go and Watch,Positive,1,1206,7.5,8.9,5
D.P.,20,17,63,You Decide,Neutral,2,1279,7.1,4.7,3.9
Deadly Sins,20,70,10,Do not Watch,Negative,0,15723,8.7,7,5
EMI: Liya Hai To Chukana Padega,0,0,0,Go and Watch,Positive,1,6436,6.9,7.7,4.9
He's All That,53,23,23,Go and Watch,Positive,1,1066,7.6,7.7,5
I Heart Arlo,13,13,27,You Decide,Neutral,2,22307,8.4,7.8,5
King of Boys: The Return of the King,3,7,10,Do not Watch,Negative,0,2037,7.2,8,5
Koi Aap Sa,17,10,73,You Decide,Neutral,2,4748,7.6,7.1,4.9
Krishna Cottage,3,3,17,Go and Watch,Positive,1,1240,8.6,6.6,5
Kucch To Hai,7,7,87,You Decide,Neutral,2,5266,7.3,8.2,5
Kyaa Kool Hai Hum,0,0,0,Go and Watch,Positive,1,2704,8.2,7.2,5
Kyaa Kool Hain Hum 3,0,0,0,Go and Watch,Positive,1,1232,7.5,4.5,4
Kyaa Super Kool Hain Hum,0,3,0,Do not Watch,Negative,0,2973,7.6,7.4,5
Kyo Kii... Main Jhuth Nahin Bolta,0,0,0,Go and Watch,Positive,1,4544,7.4,7.7,5
"LSD: Love, Sex Aur Dhokha",0,0,0,Go and Watch,Positive,1,3061,6.9,8.8,5
Mission Istaanbul: Darr Ke Aagey Jeet Hai,0,0,0,Go and Watch,Positive,1,7095,7.1,6,4.4
Once Upon a Time in Mumbaai,3,3,3,Go and Watch,Positive,1,1060,8.5,7.8,5
Once Upon a Time in Mumbai Dobaara!,0,0,0,Go and Watch,Positive,1,3331,7.4,7.1,4.8
Ragini MMS,17,0,43,You Decide,Neutral,2,6442,8,7.4,5
Ragini MMS 2,7,0,13,Go and Watch,Positive,1,4500,8.3,7.6,5
Rebellion,47,40,13,Go and Watch,Positive,1,2494,8.3,8.1,5
RIDE ON TIME,67,3,30,Go and Watch,Positive,1,1546,7.2,6.2,4.5
SAS: Rise of the Black Swan,10,7,7,Do not Watch,Negative,0,8106,6.4,6.8,4.4
Shootout at Lokhandwala,30,0,33,You Decide,Neutral,2,2556,6.5,8.8,5
Shor In the City,3,0,13,Go and Watch,Positive,1,2889,8,7.5,5
The Dirty Picture,30,60,10,Do not Watch,Negative,0,1196,7,7.1,4.7
Titletown High,10,3,3,Do not Watch,Negative,0,1351,7.5,9.1,5
EDENS ZERO,20,23,57,You Decide,Neutral,2,19877,8.5,6.1,4.9
Family Reunion,20,10,70,You Decide,Neutral,2,1299,7.6,7.4,5
"Bob Ross: Happy Accidents, Betrayal & Greed",0,13,0,Do not Watch,Negative,0,2187,7.2,6.3,4.5
Clickbait,40,17,43,You Decide,Neutral,2,1693,7.2,7.3,4.8
John of God: The Crimes of a Spiritual Healer,0,0,0,Go and Watch,Positive,1,9026,6.1,7,4.4
Motel Makeover,17,3,17,Do not Watch,Negative,0,2066,6.5,5.9,4.1
Open Your Eyes,43,27,30,Go and Watch,Positive,1,7722,8.7,6.4,5
Post Mortem: No One Dies in Skarnes,0,3,3,Do not Watch,Negative,0,1034,7.1,9,5
Really Love,87,3,10,Go and Watch,Positive,1,2657,8,7,5
The November Man,33,30,37,You Decide,Neutral,2,1273,8,8.3,5
The Old Ways,60,30,10,Go and Watch,Positive,1,15994,8.4,6.4,4.9
The River Runner,43,20,37,Go and Watch,Positive,1,2097,8.5,7.8,5
The Water Man,27,37,37,Do not Watch,Negative,0,1122,8.6,8.7,5
Wheel of Fortune,40,17,43,You Decide,Neutral,2,5878,8.1,8.1,5
Count Me In,43,3,53,You Decide,Neutral,2,1632,7.7,7.7,5
Oggy Oggy,23,20,57,You Decide,Neutral,2,12278,7.5,7.1,4.9
Untold: Caitlyn Jenner,3,0,10,Go and Watch,Positive,1,1971,6.3,7.8,4.7
Boomika,3,0,23,Go and Watch,Positive,1,1745,7.6,7.7,5
Boomika (Hindi),0,0,0,Go and Watch,Positive,1,13813,7.2,7.2,4.8
Boomika (Malayalam),0,0,0,Go and Watch,Positive,1,3255,8,7.2,5
Boomika (Telugu),0,0,0,Go and Watch,Positive,1,2821,8.3,7.4,5
The Witcher: Nightmare of the Wolf,13,7,30,Do not Watch,Negative,0,1472,7.7,7.5,5
Manifest,33,20,47,You Decide,Neutral,2,3218,7.9,7.4,5
Comedy Premium League,0,0,0,Go and Watch,Positive,1,12018,7,7.1,4.7
Everything Will Be Fine,83,10,7,Go and Watch,Positive,1,9598,6.7,7.1,4.6
Gunshot,10,60,30,Do not Watch,Negative,0,1041,8.3,7.8,5
Korean Cold Noodle Rhapsody,0,0,0,Go and Watch,Positive,1,6803,6.5,7.1,4.5
Man in Love,67,10,23,Go and Watch,Positive,1,3653,8.7,7.4,5
Sweet Girl,90,7,3,Go and Watch,Positive,1,1055,7,7.5,4.8
The Chair,33,27,40,You Decide,Neutral,2,4535,8,8.6,5
The Loud House Movie,13,57,30,Do not Watch,Negative,0,1827,8.2,6.9,5
A Faraway Land,40,23,37,Go and Watch,Positive,1,11823,7,5.8,4.3
Like Crazy,57,43,0,Go and Watch,Positive,1,4095,9.2,9.3,5
Black Island,33,13,53,You Decide,Neutral,2,9783,7.2,7.2,4.8
Bombay,27,10,63,You Decide,Neutral,2,1048,8.4,6.9,5
Go! Go! Cory Carson,10,0,10,Go and Watch,Positive,1,1718,8.2,8.3,5
Memories of a Murderer: The Nilsen Tapes,0,20,0,Do not Watch,Negative,0,11549,7.6,7.4,5
Nneka The Pretty Serpent,73,27,0,Go and Watch,Positive,1,1508,6.7,8,4.9
O Kadhal Kanmani,7,7,20,Go and Watch,Positive,1,7975,7.9,8.1,5
Out of my league,57,23,20,Go and Watch,Positive,1,1093,8,7.1,5
Pahuna,0,3,13,Do not Watch,Negative,0,1051,7.7,6.8,4.8
The Defeated,17,83,0,Do not Watch,Negative,0,1502,7.7,7.2,5
The Secret Diary of an Exchange Student,0,0,0,Go and Watch,Positive,1,1334,6.5,7.3,4.6
Untold: Deal With the Devil,3,0,0,Go and Watch,Positive,1,2779,7.1,7.7,4.9
Mother Goose Club,7,7,13,Go and Watch,Positive,1,1694,8.3,6.3,4.9
Walk of Shame,17,73,10,Do not Watch,Negative,0,7724,6.9,5.7,4.2
Rascal Does Not Dream of Bunny Girl Senpai,23,70,7,Do not Watch,Negative,0,1059,9.3,6.6,5
The Creative Indians,23,7,7,Do not Watch,Negative,0,11435,7.1,6.3,4.5
The Piano,50,20,30,Go and Watch,Positive,1,5983,6.8,7.4,4.7
Unroyal,23,30,47,You Decide,Neutral,2,6343,6.6,7.5,4.7
Winx Club,30,23,47,You Decide,Neutral,2,2304,6.7,6.4,4.4
Beckett,33,23,43,You Decide,Neutral,2,1022,7.9,7.3,5
Brand New Cherry Flavor,10,30,60,You Decide,Neutral,2,4179,8.8,5.8,4.9
Fast & Furious Spy Racers,3,43,0,Do not Watch,Negative,0,1930,7.7,6.1,4.6
Gone for Good,83,10,7,Go and Watch,Positive,1,1458,8.4,7.2,5
Grace and Frankie,93,3,3,Go and Watch,Positive,1,2183,7.3,6.3,4.5
The Kingdom,50,17,33,Go and Watch,Positive,1,1753,7.6,6.7,4.8
Valeria,3,10,87,You Decide,Neutral,2,2359,7.8,6.1,4.6
AlRawabi School for Girls,17,27,57,You Decide,Neutral,2,1137,8.3,6.4,4.9
Lokillo: Nothing's the Same,0,0,0,Go and Watch,Positive,1,1388,8,6.5,4.8
Monster Hunter: Legends of the Guild,7,0,0,Go and Watch,Positive,1,1185,8.4,6.2,4.9
Bake Squad,23,13,50,You Decide,Neutral,2,1947,7.4,6.7,4.7
Brother Jekwu,0,0,3,You Decide,Neutral,2,1624,6.6,6.9,4.5
La diosa del asfalto,3,3,13,Go and Watch,Positive,1,1848,8.1,8.4,5
Misha and the Wolves,10,7,10,Do not Watch,Negative,0,1622,7.7,5.7,4.5
The Kissing Booth 3,87,7,7,Go and Watch,Positive,1,20733,6.8,7.9,4.9
The Railway Man,27,43,30,Do not Watch,Negative,0,3482,8.6,6.1,4.9
Gabby's Dollhouse,57,3,40,Go and Watch,Positive,1,4037,8.6,8,5
I Need Romance,57,20,23,Go and Watch,Positive,1,3237,6.7,8.3,5
Las muñecas de la mafia,3,23,73,You Decide,Neutral,2,3387,5.6,7.7,4.4
The Crowned Clown,37,17,47,You Decide,Neutral,2,1601,7.7,7.9,5
Untold: Malice at the Palace,10,0,7,You Decide,Neutral,2,22266,7.5,7.7,5
SHAMAN KING,10,27,63,You Decide,Neutral,2,2094,6.5,7.2,4.6
Quartet,20,3,77,You Decide,Neutral,2,2206,7.9,7.5,5
Slay,40,3,57,You Decide,Neutral,2,11543,8.1,7,5
Takizawa Kabuki ZERO 2020 The Movie,3,0,0,Go and Watch,Positive,1,7680,8.5,6.4,5
The Paper Tigers,33,30,37,You Decide,Neutral,2,1785,6.5,6,4.2
Hit & Run,23,53,23,Do not Watch,Negative,0,12636,8.6,8,5
Navarasa,17,10,73,You Decide,Neutral,2,1262,6.7,7.2,4.6
Quam's Money,3,0,10,Go and Watch,Positive,1,26350,8.8,7.4,5
The Swarm,53,27,20,Go and Watch,Positive,1,1013,6.8,5.6,4.1
Vivo,10,20,70,You Decide,Neutral,2,36548,9.3,7,5
Chennai Express,17,20,63,You Decide,Neutral,2,3164,7.4,7.3,4.9
City of God: 10 Years Later,3,0,0,Go and Watch,Positive,1,1990,7.3,8.2,5
Esperando la carroza,3,27,70,You Decide,Neutral,2,6484,6.3,7.5,4.6
Lady Boss: The Jackie Collins Story,10,0,3,You Decide,Neutral,2,1887,3.5,6.9,3.5
Tango Feroz,7,17,77,You Decide,Neutral,2,3258,6.1,6.7,4.3
'76,10,17,73,You Decide,Neutral,2,6381,7.1,7.7,4.9
Aftermath,20,43,37,Do not Watch,Negative,0,2595,6.4,8.4,4.9
American Masters: Inventing David Geffen,0,0,0,Go and Watch,Positive,1,4636,7.4,7.9,5
Car Masters: Rust to Riches,7,0,0,Go and Watch,Positive,1,7408,8.1,7.2,5
Cocaine Cowboys: The Kings of Miami,7,0,3,Go and Watch,Positive,1,10181,8,7.6,5
Control Z,13,37,50,You Decide,Neutral,2,1257,7.1,6.2,4.4
Cooking With Paris,57,7,37,Do not Watch,Negative,0,2047,7.9,4.7,4.2
Autumn's Concerto,10,10,17,You Decide,Neutral,2,46126,8.9,7.4,5
Heavy,20,37,43,You Decide,Neutral,2,1589,8.3,6.7,5
Ije: The Journey,3,0,0,Go and Watch,Positive,1,4545,7.1,7.1,4.7
Office Girls,63,13,23,Go and Watch,Positive,1,15915,7.2,7.3,4.8
Pray Away,50,37,13,Go and Watch,Positive,1,1119,7,6.6,4.5
Shiny_Flakes: The Teenage Drug Lord,0,0,0,Go and Watch,Positive,1,1086,5.9,5.9,3.9
The Prince Who Turns into a Frog,3,3,3,Go and Watch,Positive,1,1647,7.6,7.8,5
Top Secret UFO Projects: Declassified,20,0,3,You Decide,Neutral,2,5478,8.7,8.4,5
Two Fathers,63,20,17,Go and Watch,Positive,1,1491,7.6,7.8,5
You're My Destiny,63,10,27,Go and Watch,Positive,1,6579,8.5,7,5
30 Rock,20,20,60,You Decide,Neutral,2,3368,6.8,7.4,4.7
44 Cats,30,20,50,You Decide,Neutral,2,47939,7.8,6.3,4.7
Beethoven,20,30,50,You Decide,Neutral,2,1236,7.9,6.7,4.9
Beethoven's 2nd,23,7,37,Do not Watch,Negative,0,3211,7,7.3,4.8
Beowulf,17,17,67,You Decide,Neutral,2,15938,7.2,6.8,4.7
Boyka: Undisputed,13,7,30,Do not Watch,Negative,0,1417,6.9,5.8,4.2
Catch Me If You Can,23,13,63,You Decide,Neutral,2,30124,6.9,7.5,4.8
Cloudy with a Chance of Meatballs,83,10,7,Go and Watch,Positive,1,4004,7.5,7.2,4.9
Darwin’s Game,23,23,53,You Decide,Neutral,2,1064,7.8,5.5,4.4
Deep Blue Sea,43,43,13,Go and Watch,Positive,1,1008,6.6,8.2,4.9
Ferris Bueller's Day Off,47,7,47,Do not Watch,Negative,0,5710,7.7,7.9,5
Five Feet Apart,23,27,50,You Decide,Neutral,2,15867,8.4,7.1,5
Freedomland,23,10,67,You Decide,Neutral,2,7465,7.2,8,5
Friday Night Lights,27,23,50,You Decide,Neutral,2,1520,6.8,7.6,4.8
Good Luck Chuck,93,3,3,Go and Watch,Positive,1,3470,6.4,7.3,4.6
Hunter X Hunter (2011),17,3,80,You Decide,Neutral,2,3738,6.1,8.1,4.7
I missed you: Director's Cut,0,0,0,Go and Watch,Positive,1,3689,8.6,5.6,4.7
Inception,20,20,60,You Decide,Neutral,2,2948,7.2,8.4,5
Magnolia,13,10,77,You Decide,Neutral,2,3697,7.9,6.9,4.9
Major Payne,30,20,50,You Decide,Neutral,2,3708,6,5.5,3.8
My Girl,47,17,37,Go and Watch,Positive,1,1407,8.1,8.1,5
My Girl 2,40,33,27,Go and Watch,Positive,1,1349,8,6.8,4.9
Open Season: Scared Silly,0,3,0,Do not Watch,Negative,0,13398,8.2,8.2,5
Pineapple Express,20,23,57,You Decide,Neutral,2,1101,8.6,5.9,4.8
Planet 51,27,17,57,You Decide,Neutral,2,2240,7.3,7.3,4.9
Poms,17,3,80,You Decide,Neutral,2,34212,7.5,8.2,5
Seabiscuit,47,17,37,Go and Watch,Positive,1,1481,6.5,6.3,4.3
Space Cowboys,37,27,37,Go and Watch,Positive,1,1423,8.5,6.8,5
Team America: World Police,40,17,43,You Decide,Neutral,2,2811,6.6,8,4.9
The Edge of Seventeen,47,23,30,Go and Watch,Positive,1,1614,6.9,6.4,4.4
The Haunting in Connecticut 2: Ghosts of Georgia,0,0,0,Go and Watch,Positive,1,1502,6.7,7.6,4.8
The Last Boy Scout,33,20,47,You Decide,Neutral,2,2928,6.6,7.4,4.7
The Lincoln Lawyer,20,17,63,You Decide,Neutral,2,35732,8.1,6.4,4.8
The Losers,27,67,7,You Decide,Neutral,2,1552,7.4,6.4,4.6
The Machinist,60,13,27,Go and Watch,Positive,1,1493,8.2,7,5
The Net,27,13,60,You Decide,Neutral,2,4509,8,7.9,5
The Original Kings of Comedy,33,0,0,Go and Watch,Positive,1,7065,7.9,8.1,5
Valentine's Day,43,20,37,Go and Watch,Positive,1,2369,6.5,8.1,4.9
Charmed,53,23,23,Go and Watch,Positive,1,1325,6.8,8.5,5
The Lost Café,53,43,3,Go and Watch,Positive,1,1275,6.4,8.1,4.8
The Vault,27,17,57,You Decide,Neutral,2,18758,6.8,7.1,4.6
Centaurworld,40,17,43,You Decide,Neutral,2,3162,8,7.6,5
Eyes of a Thief,33,47,20,Do not Watch,Negative,0,4548,7.3,6.8,4.7
Glow Up,23,17,60,You Decide,Neutral,2,1674,6.6,7.2,4.6
I'm Glad I Did,80,17,3,Go and Watch,Positive,1,3866,8.3,6.8,5
Khawatir,7,10,83,You Decide,Neutral,2,1350,8.1,6.9,5
Myth & Mogul: John DeLorean,0,0,0,Go and Watch,Positive,1,1251,7.3,7.2,4.8
Outer Banks,30,13,57,You Decide,Neutral,2,2575,7,6.7,4.6
Pomegranates and Myrrh,7,0,0,Go and Watch,Positive,1,1313,6.9,7.4,4.8
Rurouni Kenshin: The Beginning,17,10,33,You Decide,Neutral,2,8138,7.9,6.9,4.9
The Last Mercenary,20,57,23,Do not Watch,Negative,0,13618,7.9,7,5
Flower Girl,53,3,43,Go and Watch,Positive,1,2681,5.7,8,4.6
Resort to Love,70,20,10,Go and Watch,Positive,1,3658,8.1,7.9,5
Transformers: War for Cybertron: Kingdom,0,63,3,Do not Watch,Negative,0,2683,8.4,5.9,4.8
Bartkowiak,7,13,80,You Decide,Neutral,2,23565,8.4,5.7,4.7
Fantastic Fungi,83,7,10,Go and Watch,Positive,1,19857,8.7,5.8,4.8
Tattoo Redo,40,10,27,Go and Watch,Positive,1,10061,6.7,8.4,5
The Flash,43,33,23,Go and Watch,Positive,1,2902,8.4,7.1,5
The Snitch Cartel: Origins,0,0,0,Go and Watch,Positive,1,1003,8.1,7.3,5
All American,30,33,37,You Decide,Neutral,2,1587,6.2,7.3,4.5
Department,40,30,30,Go and Watch,Positive,1,5324,6.1,7.5,4.5
Hostage House,17,53,30,Do not Watch,Negative,0,31286,7.3,7.7,5
How to Sell Drugs Online (Fast),20,13,67,You Decide,Neutral,2,4602,7.7,8,5
Mighty Express,33,27,40,You Decide,Neutral,2,2219,8.2,7.5,5
Mimi,10,10,80,You Decide,Neutral,2,4445,6.8,7.7,4.8
Plastic Cup Boyz: Laughing My Mask Off!,3,0,0,Go and Watch,Positive,1,3856,6.8,7.8,4.9
The Operative,47,23,30,Go and Watch,Positive,1,1926,8.3,6,4.8
The Walking Dead,7,77,17,Do not Watch,Negative,0,1628,6.8,8.1,5
Wynonna Earp,27,13,60,You Decide,Neutral,2,1277,4.6,8,4.2
Django Unchained,40,7,53,Do not Watch,Negative,0,23227,7.5,8,5
A Second Chance:  Rivals!,7,7,0,Go and Watch,Positive,1,4347,7.5,7.6,5
African America,23,30,47,You Decide,Neutral,2,18587,7,8.1,5
Bankrolled,50,20,30,Go and Watch,Positive,1,2362,7.3,7.2,4.8
Blood Red Sky,30,23,47,You Decide,Neutral,2,10587,7.6,7.5,5
Feels Like Ishq,30,3,0,Go and Watch,Positive,1,3290,8.5,7.3,5
Kingdom: Ashin of the North,23,10,63,You Decide,Neutral,2,4774,6.5,7.2,4.6
Masters of the Universe: Revelation,7,7,87,You Decide,Neutral,2,2340,6.8,7.7,4.8
Revelations: The Masters of the Universe: Revelation Aftershow,0,0,0,Go and Watch,Positive,1,3993,8.5,8.9,5
Sky Rojo,10,30,60,You Decide,Neutral,2,2300,5.6,7.2,4.3
The Last Letter From Your Lover,87,7,7,Go and Watch,Positive,1,2886,7.7,8.5,5
The Movies That Made Us,50,30,20,Go and Watch,Positive,1,2570,6.4,5.5,4
9to5: The Story of a Movement,20,0,3,You Decide,Neutral,2,2074,7.4,5.9,4.4
Chhota Bheem - Dinosaur World,0,0,0,Go and Watch,Positive,1,5589,7.5,7.2,4.9
Chhota Bheem - Neeli Pahaadi,0,0,0,Go and Watch,Positive,1,3733,6.6,7.9,4.8
Chhota Bheem & Ganesh,0,0,0,Go and Watch,Positive,1,20315,8,6.8,4.9
Chhota Bheem & Krishna: Mayanagari,0,0,0,Go and Watch,Positive,1,1325,7.4,6.6,4.7
Chhota Bheem & Krishna: Pataliputra- City of the Dead,0,0,0,Go and Watch,Positive,1,10588,7.4,6.5,4.6
Chhota Bheem And The Broken Amulet,0,0,0,Go and Watch,Positive,1,7596,7.8,8.3,5
Chhota Bheem And The Crown of Valhalla,0,0,0,Go and Watch,Positive,1,4265,7.9,9.3,5
Chhota Bheem and the Incan Adventure,0,0,0,Go and Watch,Positive,1,11371,6.5,8,4.8
Chhota Bheem and The ShiNobi Secret,0,0,0,Go and Watch,Positive,1,9722,8.6,7.6,5
Chhota Bheem Aur Hanuman,0,0,0,Go and Watch,Positive,1,2969,8.7,7.2,5
Chhota Bheem aur Krishna,0,0,3,You Decide,Neutral,2,1218,7.1,5.2,4.1
Chhota Bheem aur Krishna vs Zimbara,0,0,0,Go and Watch,Positive,1,1559,7.6,7.8,5
Chhota Bheem in African Safari,0,0,0,Go and Watch,Positive,1,1858,8,8.1,5
Chhota Bheem Ka Roosi Romanch,0,0,0,Go and Watch,Positive,1,1256,7.5,7,4.8
Chhota Bheem: Bheem vs Aliens,0,0,0,Go and Watch,Positive,1,2690,6.5,6.8,4.4
Chhota Bheem: Dholakpur to Kathmandu,0,0,0,Go and Watch,Positive,1,1536,7.3,6.5,4.6
Chhota Bheem: Dus Pe Dus,0,0,0,Go and Watch,Positive,1,2412,7.8,7.6,5
Chhota Bheem: Journey to Petra,0,0,0,Go and Watch,Positive,1,5139,7.4,7.8,5
Chhota Bheem: Master of Shaolin,0,0,0,Go and Watch,Positive,1,43063,8.6,8.1,5
Chhota Bheem: The Rise of Kirmada,0,0,0,Go and Watch,Positive,1,15511,8.4,7.1,5
Chicago Med,37,17,47,You Decide,Neutral,2,3526,7.4,7.8,5
Cousins,40,20,40,Go and Watch,Positive,1,1497,7.4,6.8,4.7
Wannabe Courageous,7,0,0,Go and Watch,Positive,1,47711,8.5,7.5,5
Words Bubble Up Like Soda Pop,93,7,0,Go and Watch,Positive,1,1441,6.1,6.5,4.2
Sanitation Day,43,20,37,Go and Watch,Positive,1,7573,4.7,8.1,4.3
Sexy Beasts,70,27,3,Go and Watch,Positive,1,4345,7.8,7.1,5
Too Hot to Handle: Brazil,10,0,10,Go and Watch,Positive,1,1616,6.1,8.2,4.8
Trollhunters: Rise of the Titans,0,7,17,Do not Watch,Negative,0,31486,7.9,5.9,4.6
Milkwater,3,3,7,You Decide,Neutral,2,13493,6.6,6.6,4.4
Okupas,3,33,63,You Decide,Neutral,2,9635,7.5,5.6,4.4
Touch Your Heart,37,17,47,You Decide,Neutral,2,35525,7.7,5.4,4.4
The Tambour of Retribution,3,0,13,Go and Watch,Positive,1,3740,7.2,7,4.7
Cosmic Sin,13,47,40,Do not Watch,Negative,0,18123,7.6,7.5,5
2 Weeks in Lagos,13,40,47,You Decide,Neutral,2,3946,6.6,7.8,4.8
Deep,37,20,43,You Decide,Neutral,2,4763,5.4,7.4,4.3
Explained,53,13,33,Go and Watch,Positive,1,9640,8.1,6.7,4.9
Fear Street Part 3: 1666,0,13,0,Do not Watch,Negative,0,1122,7.5,6.4,4.6
Johnny Test,10,3,87,You Decide,Neutral,2,3400,8.5,8.2,5
La ley de Herodes,10,17,73,You Decide,Neutral,2,4469,7.1,7.1,4.7
Naomi Osaka,20,23,57,You Decide,Neutral,2,2353,7.3,6.7,4.7
The Beguiled,23,13,63,You Decide,Neutral,2,2874,6.8,7.9,4.9
The Book of Henry,53,10,37,Go and Watch,Positive,1,1366,7.2,6.8,4.7
The Twilight Saga: Breaking Dawn: Part 1,13,13,73,You Decide,Neutral,2,2310,7.4,6.6,4.7
The Twilight Saga: Breaking Dawn: Part 2,3,17,80,You Decide,Neutral,2,16139,7.9,6,4.6
The Twilight Saga: Eclipse,20,17,63,You Decide,Neutral,2,10127,7.8,8.9,5
The Twilight Saga: New Moon,3,20,77,You Decide,Neutral,2,19090,8.5,6.3,4.9
Twilight,30,13,57,You Decide,Neutral,2,1883,7.7,4.9,4.2
A Perfect Fit,87,7,7,Go and Watch,Positive,1,1239,7.5,7.5,5
BEASTARS,27,13,60,You Decide,Neutral,2,31453,7.4,6.1,4.5
Cheech & Chong's Still Smokin,0,0,0,Go and Watch,Positive,1,1563,6.8,6.5,4.4
Emicida: AmarElo - Live in São Paulo,0,0,0,Go and Watch,Positive,1,1767,8.4,7.8,5
Her Private Life,30,33,37,You Decide,Neutral,2,1095,6.1,6.7,4.3
Lift Like a Girl,63,20,17,Go and Watch,Positive,1,2812,7.9,8,5
My Amanda,43,20,37,Go and Watch,Positive,1,2499,8.4,7.7,5
Never Have I Ever,57,20,23,Go and Watch,Positive,1,2615,8.1,5.6,4.6
Surf's Up,13,7,80,You Decide,Neutral,2,4518,7.1,8.1,5
The Unknown Saint,40,43,17,Do not Watch,Negative,0,3511,8.4,7.7,5
This Changes Everything,33,33,33,Go and Watch,Positive,1,1146,7.7,7.7,5
A Classic Horror Story,23,57,20,Do not Watch,Negative,0,2175,6.6,8.3,5
Gunpowder Milkshake,23,17,60,You Decide,Neutral,2,1643,7.8,6.8,4.9
Heist,37,7,57,Do not Watch,Negative,0,1394,7.5,6.6,4.7
My Unorthodox Life,37,7,57,Do not Watch,Negative,0,2472,7.4,7.2,4.9
Private Network: Who Killed Manuel Buendía?,0,0,0,Go and Watch,Positive,1,4615,7,8.3,5
The Guide to the Perfect Family,73,7,7,Go and Watch,Positive,1,2854,7.8,7.3,5
American Woman,27,33,40,You Decide,Neutral,2,1210,7.3,7.7,5
Bridgerton - The Afterparty,0,7,30,Do not Watch,Negative,0,6476,7,8.9,5
Day of Destiny,33,30,37,You Decide,Neutral,2,4978,8.1,6.7,4.9
Ridley Jones,33,33,33,Go and Watch,Positive,1,4614,5.1,6.6,3.9
Born to Play,57,37,7,You Decide,Neutral,2,4141,8,7.9,5
American Ultra,23,37,40,You Decide,Neutral,2,8575,7.2,6.9,4.7
The Stand-Up,53,20,27,Go and Watch,Positive,1,8625,7.6,7.9,5
The Tour,40,17,43,You Decide,Neutral,2,10570,8.7,7,5
Atypical,20,17,63,You Decide,Neutral,2,2767,7.3,7.7,5
Biohackers,20,17,63,You Decide,Neutral,2,4106,8.6,6.6,5
Fear Street Part 2: 1978,10,10,0,Go and Watch,Positive,1,1840,8.6,6.9,5
Finding Hubby,40,23,37,Go and Watch,Positive,1,5964,8.2,6.7,5
How I Became a Superhero,7,0,3,Go and Watch,Positive,1,1401,6.5,7.5,4.7
How to Become a Tyrant,23,13,63,You Decide,Neutral,2,1064,6.7,5.9,4.2
Last Summer,73,10,17,Go and Watch,Positive,1,2658,8.3,6.5,4.9
Lee Su-geun: The Sense Coach,0,0,0,Go and Watch,Positive,1,2470,8,7.8,5
Lethal Love,73,13,13,Go and Watch,Positive,1,10893,7.2,7.1,4.8
Ratchet and Clank,40,20,40,Go and Watch,Positive,1,6176,7,7.3,4.8
The Cook of Castamar,13,13,43,You Decide,Neutral,2,1599,7.7,7,4.9
Virgin River,27,17,57,You Decide,Neutral,2,40990,8.6,8.1,5
Back to Q82,3,0,0,Go and Watch,Positive,1,7033,3.4,7.7,3.7
Elize Matsunaga: Once Upon a Crime,0,0,3,You Decide,Neutral,2,1194,7.6,8,5
Home Again,37,40,23,Do not Watch,Negative,0,21906,9,8.6,5
Midnight Sun,43,10,47,You Decide,Neutral,2,5664,6.9,7.9,4.9
RESIDENT EVIL: Infinite Darkness,0,93,7,Do not Watch,Negative,0,29341,8.1,7.6,5
Rock the Kasbah,10,3,13,Do not Watch,Negative,0,1303,7.1,7.4,4.8
Awon Boyz,17,3,10,Do not Watch,Negative,0,3030,7.6,6.9,4.8
Brick Mansions,17,20,23,You Decide,Neutral,2,3158,7.6,8.1,5
Cat People,37,27,37,Go and Watch,Positive,1,52789,6.7,7.2,4.6
Clash,7,23,70,You Decide,Neutral,2,1582,6.8,7,4.6
Dogs,47,20,33,Go and Watch,Positive,1,10091,8.1,5.4,4.5
Major Grom: Plague Doctor,13,7,23,Do not Watch,Negative,0,2462,6.4,9.6,5
Mama Drama,43,23,33,Go and Watch,Positive,1,4030,8.9,6.5,5
Tango With Me,47,30,23,Go and Watch,Positive,1,96380,8,6.9,5
The Mire,23,43,33,Do not Watch,Negative,0,2360,7.3,3.8,3.7
The War Next-door,20,43,37,Do not Watch,Negative,0,3164,6.1,5.3,3.8
Therapy,27,40,33,Do not Watch,Negative,0,1668,7.4,6.5,4.6
This Little Love Of Mine,87,7,7,Go and Watch,Positive,1,100955,8.6,6.3,5
Three Thieves,10,60,30,Do not Watch,Negative,0,3873,8.3,7.4,5
A Land Imagined,43,33,23,Go and Watch,Positive,1,1148,7,8.9,5
Ask the StoryBots,0,3,0,Do not Watch,Negative,0,2123,7.8,9,5
Between,40,47,13,Do not Watch,Negative,0,2192,7.4,8.7,5
Chelsea,40,17,43,You Decide,Neutral,2,8640,8.4,6,4.8
Code Lyoko,37,17,47,You Decide,Neutral,2,1819,7.3,6.8,4.7
Colony,37,17,47,You Decide,Neutral,2,1583,8.5,6.7,5
Cuckoo,20,10,70,You Decide,Neutral,2,2585,8.2,7.2,5
Derry Girls,40,33,27,Go and Watch,Positive,1,1341,6.8,8.3,5
Girl from Nowhere,10,37,53,You Decide,Neutral,2,1120,7.1,7.7,4.9
Good Morning Call,73,17,10,Go and Watch,Positive,1,2848,6.6,7.4,4.7
Har Kisse Ke Hisse: Kaamyaab,0,0,0,Go and Watch,Positive,1,2679,6.4,6.8,4.4
I AM A KILLER,37,57,7,You Decide,Neutral,2,10035,7.3,6.6,4.6
I Think You Should Leave with Tim Robinson,13,40,3,Do not Watch,Negative,0,5483,5.1,6.4,3.8
Kim's Convenience,30,13,57,You Decide,Neutral,2,3753,7.5,8,5
Larva,7,27,67,Go and Watch,Positive,1,1307,7.1,6.8,4.6
Marcella,7,20,73,You Decide,Neutral,2,5649,7.3,8.1,5
Midnight Diner: Tokyo Stories,17,7,43,Do not Watch,Negative,0,1284,7.8,8,5
My Little Pony: Friendship Is Magic,80,7,13,Go and Watch,Positive,1,3491,7.6,7.5,5
Orange Is the New Black,17,23,60,You Decide,Neutral,2,1527,7.3,8.3,5
Puffin Rock,57,10,33,Go and Watch,Positive,1,8416,6.8,8.6,5
Rehmataan,0,0,0,Go and Watch,Positive,1,1162,7.3,5.3,4.2
Return of the Prodigal Son,20,40,40,Do not Watch,Negative,0,22944,8.5,7.2,5
Richie Rich,73,10,17,Go and Watch,Positive,1,2236,7.8,5,4.3
Rise: Ini Kalilah,3,0,3,Go and Watch,Positive,1,1291,7.7,5.6,4.4
Scream,10,50,40,Do not Watch,Negative,0,38051,8.6,7.1,5
Shtisel,30,0,70,You Decide,Neutral,2,4654,6.8,6.2,4.3
Si Doel the Movie 2,0,0,0,Go and Watch,Positive,1,32557,8.4,7.4,5
Some Assembly Required,23,7,70,You Decide,Neutral,2,39480,7,6.9,4.6
Tales by Light,43,13,43,Go and Watch,Positive,1,1099,6.2,5.9,4
Terrace House: Opening New Doors,3,0,7,You Decide,Neutral,2,4733,8.3,8.5,5
The A List,53,20,27,Go and Watch,Positive,1,1164,6.6,5.7,4.1
The New Legends of Monkey,33,3,13,Go and Watch,Positive,1,5292,8.2,6.7,5
The Worst Witch,10,83,7,Do not Watch,Negative,0,34078,8.3,7.1,5
Truckbhar Swapna,0,0,0,Go and Watch,Positive,1,4058,6.9,7.4,4.8
Ujala,3,3,93,You Decide,Neutral,2,4523,7.6,6.5,4.7
Undercover,27,30,43,You Decide,Neutral,2,4653,6.8,6.8,4.5
Workin' Moms,37,23,40,You Decide,Neutral,2,2267,6.5,5.5,4
YooHoo to the Rescue,3,0,0,Go and Watch,Positive,1,2868,7.2,6.7,4.6
You Are My Spring,60,17,23,Go and Watch,Positive,1,1630,8.6,5.8,4.8
We the People,23,53,23,Do not Watch,Negative,0,4538,7.9,6.1,4.7
Grey's Anatomy,17,10,73,You Decide,Neutral,2,24874,5.3,5.3,3.5
Big Timber,43,0,57,You Decide,Neutral,2,6586,7.3,7,4.8
Fear Street Part 1: 1994,3,23,0,Go and Watch,Positive,1,1813,6.2,7.4,4.5
Haseen Dillruba,7,0,13,Go and Watch,Positive,1,48422,8.8,7.4,5
Holiday on Mars,30,7,27,Do not Watch,Negative,0,2567,6,8.5,4.8
Mortel,10,17,73,You Decide,Neutral,2,17288,7.6,7.1,4.9
RattleSnake - The Ahanna Story,3,0,0,Go and Watch,Positive,1,5830,6.9,8.4,5
Snowpiercer,37,20,43,You Decide,Neutral,2,5404,7,7.8,4.9
The 8th Night,47,43,10,Go and Watch,Positive,1,1301,7.3,6.4,4.6
Winchester,37,13,50,You Decide,Neutral,2,7881,6.5,7.7,4.7
6 Bullets,17,33,50,You Decide,Neutral,2,24645,6.6,6.4,4.3
Air Force One,23,30,47,You Decide,Neutral,2,1571,6.9,5.8,4.2
Audible,37,13,50,You Decide,Neutral,2,1544,7.8,7.5,5
Austin Powers in Goldmember,33,30,37,You Decide,Neutral,2,1268,3.5,6,3.2
Austin Powers: International Man of Mystery,17,13,57,You Decide,Neutral,2,2697,7.1,8.1,5
Austin Powers: The Spy Who Shagged Me,23,20,40,You Decide,Neutral,2,8536,8.3,8,5
Boogie Nights,37,20,43,You Decide,Neutral,2,2175,9.1,8.5,5
Bureau of Magical Things,7,0,73,You Decide,Neutral,2,2194,7.1,8.9,5
Charlie's Angels,40,13,47,You Decide,Neutral,2,1721,4.6,7,3.9
Congo,20,23,57,You Decide,Neutral,2,20392,8.7,7.2,5
Dennis the Menace,17,67,17,Do not Watch,Negative,0,1237,7.9,7.8,5
Dreamy Eyes,60,10,30,Go and Watch,Positive,1,1792,6.3,7.2,4.5
Dynasty Warriors,47,23,30,Go and Watch,Positive,1,102361,8.5,7.5,5
Generation 56k,3,3,7,You Decide,Neutral,2,2140,7,7.6,4.9
Hampstead,53,10,37,Go and Watch,Positive,1,26207,8.1,5.8,4.6
Kung Fu Panda,7,87,7,Do not Watch,Negative,0,1312,8.2,5.4,4.5
Kung Fu Panda 2,13,83,3,Do not Watch,Negative,0,4607,7.9,5.5,4.5
Life as We Know It,33,30,37,You Decide,Neutral,2,31756,7,5.7,4.2
Mary Magdalene,33,13,53,You Decide,Neutral,2,364497,8.7,5.1,4.6
Masameer County,0,0,0,Go and Watch,Positive,1,3157,6.2,6.6,4.3
Memoirs of a Geisha,30,0,70,You Decide,Neutral,2,21582,8,6.5,4.8
Midnight Run,37,27,37,Go and Watch,Positive,1,1422,8.4,6.2,4.9
Mobile Suit Gundam Hathaway,23,7,70,You Decide,Neutral,2,2456,8.3,7.4,5
Mortal Kombat,23,33,43,You Decide,Neutral,2,1668,7.9,7.3,5
Mother's Day,30,17,53,You Decide,Neutral,2,2286,7.7,7,4.9
No Strings Attached,47,50,3,Do not Watch,Negative,0,1016,8,6,4.7
Not Another Teen Movie,27,13,60,You Decide,Neutral,2,1064,7.8,7.6,5
Ophelia,27,20,53,You Decide,Neutral,2,1069,7.7,7.4,5
Pet Sematary 2,17,10,33,You Decide,Neutral,2,1376,7.8,6.6,4.8
Quarantine Tales,7,13,27,Go and Watch,Positive,1,1045,7.7,6.1,4.6
Rainbow Rangers,20,20,47,You Decide,Neutral,2,2289,7.8,8.3,5
Red Joan,40,20,40,Go and Watch,Positive,1,4824,6.2,7.3,4.5
Sailor Moon Crystal,43,10,47,You Decide,Neutral,2,31220,6.3,5.3,3.9
Seven Pounds,33,43,23,Do not Watch,Negative,0,1644,6.5,7.7,4.7
She's Out of My League,63,17,20,Go and Watch,Positive,1,10598,6.7,6.9,4.5
Snow Day,57,10,33,Go and Watch,Positive,1,4861,8.8,6.4,5
Star Trek,43,17,40,Go and Watch,Positive,1,13660,9,6.2,5
Stuart Little,20,27,53,You Decide,Neutral,2,1596,8.2,5.5,4.6
Sword of Trust,40,50,10,Do not Watch,Negative,0,2967,7.5,6.9,4.8
Talladega Nights: The Ballad of Ricky Bobby,17,7,40,Do not Watch,Negative,0,1245,7.9,6.8,4.9
The American,30,43,27,Do not Watch,Negative,0,1164,7,6.5,4.5
The Best of Enemies,70,30,0,Go and Watch,Positive,1,6441,7.2,5.4,4.2
The Game,47,20,33,Go and Watch,Positive,1,121402,7.9,6.4,4.8
The Karate Kid,47,10,43,Go and Watch,Positive,1,2310,8.2,7.6,5
The Karate Kid Part II,30,3,13,Go and Watch,Positive,1,1081,7.9,7.8,5
The Karate Kid Part III,10,0,27,You Decide,Neutral,2,1637,7.3,6.6,4.6
The Life of David Gale,17,13,57,You Decide,Neutral,2,1177,5.6,7.2,4.3
The Long Riders,43,20,37,Go and Watch,Positive,1,4471,7.9,6.9,4.9
The Queen,50,27,23,Go and Watch,Positive,1,13230,8.5,6.2,4.9
The Strangers,40,33,27,Go and Watch,Positive,1,9564,8.1,6.2,4.8
The Sum of All Fears,23,73,3,Do not Watch,Negative,0,11656,8.4,7.8,5
The Tourist,40,20,40,Go and Watch,Positive,1,1500,8.2,7.5,5
Underworld,30,30,40,You Decide,Neutral,2,14093,7.8,8.1,5
Underworld: Awakening,13,10,27,You Decide,Neutral,2,31760,7.7,6.4,4.7
Underworld: Rise of the Lycans,10,13,13,Do not Watch,Negative,0,1336,8.3,8.3,5
Voiceless,40,30,30,Go and Watch,Positive,1,15014,8.3,7.7,5
What Dreams May Come,70,30,0,Go and Watch,Positive,1,5639,7.8,6.6,4.8
Why Do Fools Fall in Love,73,17,10,Go and Watch,Positive,1,5073,7.9,7.3,5
Working Title,33,10,57,You Decide,Neutral,2,6660,8.4,7.9,5
Young Royals,20,13,67,You Decide,Neutral,2,3941,8.5,6.3,4.9
America: The Motion Picture,27,17,17,Go and Watch,Positive,1,254473,8.8,7.5,5
Deranged,33,33,33,Go and Watch,Positive,1,1823,7.2,7.3,4.8
Droppin' Cash: Los Angeles,0,0,0,Go and Watch,Positive,1,13447,7.6,8,5
Legend of Exorcism,20,13,67,You Decide,Neutral,2,11856,7.5,4.1,3.9
Lying and Stealing,13,83,3,Do not Watch,Negative,0,174645,8.8,7.4,5
Mommy Issues,7,33,60,Go and Watch,Positive,1,1593,7.7,6.9,4.9
Prime Time,30,27,43,You Decide,Neutral,2,10742,7.2,6.3,4.5
Somos.,3,47,50,You Decide,Neutral,2,1483,6.8,7.6,4.8
Sophie: A Murder in West Cork,0,7,0,Do not Watch,Negative,0,1796,7.5,8.2,5
The Daily Life of the Immortal King,77,17,7,Go and Watch,Positive,1,113931,6.8,7.8,4.9
StarBeam,30,13,57,You Decide,Neutral,2,2341,7.7,7.2,5
A Way Back Home,40,27,33,Go and Watch,Positive,1,1466,7.5,7.6,5
Killing Them Softly,7,90,3,Do not Watch,Negative,0,5784,7.4,6.4,4.6
The Seven Deadly Sins,20,70,10,Do not Watch,Negative,0,1111,6.9,6.9,4.6
Wanted,33,30,37,You Decide,Neutral,2,1349,6.3,6.9,4.4
Into the Wind,43,30,27,Go and Watch,Positive,1,8979,8.3,4.6,4.3
Wonder Boy,17,43,40,Do not Watch,Negative,0,6882,6,6.5,4.2
Here Comes the Rain,20,13,67,You Decide,Neutral,2,2803,7.1,7.3,4.8
The Ice Road,53,17,30,Go and Watch,Positive,1,8045,7.2,8.2,5
Ray,10,13,77,You Decide,Neutral,2,1825,7.1,5.7,4.3
Sex/Life,40,33,27,Go and Watch,Positive,1,14717,7.6,5.1,4.2
Godzilla Singular Point,40,23,37,Go and Watch,Positive,1,1628,7.8,6.9,4.9
Jiva!,7,0,93,You Decide,Neutral,2,16175,7.5,6.8,4.8
Sisters on Track,33,23,43,You Decide,Neutral,2,17536,7.4,5.4,4.3
The Naked Director,17,27,57,You Decide,Neutral,2,5102,8.2,7.3,5
The Seventh Day,40,13,47,You Decide,Neutral,2,2655,6.7,5.2,4
Good on Paper,67,23,10,Go and Watch,Positive,1,1894,7.2,8,5
Murder by the Coast,7,23,0,Go and Watch,Positive,1,39818,7.2,8.5,5
The House of Flowers: The Movie,0,0,10,You Decide,Neutral,2,1076,8.8,7.4,5
The Parisian Agency: Exclusive Properties,23,0,0,Go and Watch,Positive,1,1093,8,6.9,5
Too Hot to Handle,37,17,47,You Decide,Neutral,2,7295,7.7,7.2,5
Broken,20,63,17,Do not Watch,Negative,0,2254,8.3,5.7,4.7
O Vendedor de Sonhos,0,13,23,You Decide,Neutral,2,2309,7.8,6.1,4.6
Osuofia in London,40,17,37,Go and Watch,Positive,1,20740,7.5,6.6,4.7
Osuofia in London II,0,0,0,Go and Watch,Positive,1,1194,7.4,6.5,4.6
This Is Pop,53,27,20,Go and Watch,Positive,1,31860,7.4,8.4,5
#Selfie,20,7,73,You Decide,Neutral,2,5088,8.2,8.6,5
#Selfie 69,0,0,0,Go and Watch,Positive,1,2443,6.6,6.8,4.5
Love Is a Story,67,20,13,Go and Watch,Positive,1,1808,7.5,8.7,5
The Mole,30,33,37,You Decide,Neutral,2,12673,6.5,6.9,4.5
"Nevertheless,",67,13,20,Go and Watch,Positive,1,2772,5.2,6.9,4
Bangkok Love Stories: Innocence,0,3,0,Do not Watch,Negative,0,1806,8,6.3,4.8
Black Lightning,33,0,67,You Decide,Neutral,2,1587,7.8,6.6,4.8
Call My Agent!,43,27,30,Go and Watch,Positive,1,13254,8.2,5.8,4.7
Champions,83,7,10,Go and Watch,Positive,1,86999,9,6.9,5
Charité at War,3,10,0,Go and Watch,Positive,1,1660,6.9,7.5,4.8
Cleo & Cuquin,13,17,47,You Decide,Neutral,2,1251,7.3,6.6,4.6
Deadwind,17,13,70,You Decide,Neutral,2,5394,7.7,7,4.9
Gameboys Level-Up Edition,0,0,3,You Decide,Neutral,2,4002,7.3,6.6,4.6
Glee,80,3,17,Go and Watch,Positive,1,11746,8.2,7.8,5
Hap and Leonard,40,20,40,Go and Watch,Positive,1,1450,7.1,8.6,5
Locked Up,30,43,27,Do not Watch,Negative,0,2085,6.9,7.8,4.9
Mobile Suit Gundam II: Soldiers of Sorrow,0,0,3,You Decide,Neutral,2,10057,6.7,6.9,4.5
Mobile Suit Gundam III: Encounters in Space,3,0,10,Go and Watch,Positive,1,2800,7.1,7.2,4.8
Mobile Suit Gundam: Char's Counterattack,13,3,43,You Decide,Neutral,2,2386,7.6,7.3,5
No Time for Shame,23,70,7,Do not Watch,Negative,0,1328,7.2,5.8,4.3
Pose,27,13,60,You Decide,Neutral,2,7751,6.8,6.2,4.3
REA(L)OVE,3,3,10,Go and Watch,Positive,1,1193,7.8,6.6,4.8
Riverdale,47,13,40,Go and Watch,Positive,1,1168,2.8,5.8,2.9
Schitt's Creek,27,17,57,You Decide,Neutral,2,2668,6.4,7.7,4.7
The Assassination of Gianni Versace,20,73,7,Do not Watch,Negative,0,13939,7.2,6.2,4.5
The Judgement,40,40,20,Go and Watch,Positive,1,2115,6.6,8.6,5
The Last Dance,37,23,40,You Decide,Neutral,2,7480,8.4,6.6,5
They've Gotta Have Us,33,23,27,Go and Watch,Positive,1,4141,6.8,6.4,4.4
Why Are You Like This,50,40,10,Go and Watch,Positive,1,20990,6.6,6.2,4.3
A Family,60,30,10,Go and Watch,Positive,1,7643,7.4,7.5,5
Elite,27,17,57,You Decide,Neutral,2,11030,5.8,7.1,4.3
Fatherhood,33,23,43,You Decide,Neutral,2,3804,7.7,7.4,5
Hospital Playlist,27,17,57,You Decide,Neutral,2,1243,8.5,6.7,5
Jagame Thandhiram,10,7,53,Do not Watch,Negative,0,3247,8.1,7.8,5
Kambili: The Whole 30 Yards,3,0,7,You Decide,Neutral,2,3755,5,8.1,4.4
Mobile Suit Gundam I,57,23,20,Go and Watch,Positive,1,1087,6.4,6.8,4.4
Rurouni Kenshin: The Final,13,7,27,Do not Watch,Negative,0,4503,6,7.7,4.6
So Not Worth It,43,40,17,Go and Watch,Positive,1,2216,8.1,6.4,4.8
The Rational Life,47,43,10,Go and Watch,Positive,1,2310,6.3,7.7,4.7
Ali & Ratu Ratu Queens,7,3,83,You Decide,Neutral,2,9217,6.8,6.9,4.6
Aziza,3,3,93,You Decide,Neutral,2,10024,5.2,6.7,4
Besieged Bread,7,3,13,Go and Watch,Positive,1,37601,8.4,8,5
Black Summer,30,7,63,Do not Watch,Negative,0,7064,7.3,6.6,4.6
Elite Short Stories: Carla Samuel,3,0,20,Go and Watch,Positive,1,1082,6.5,6,4.2
Fan Girl,67,20,13,Go and Watch,Positive,1,1237,6.5,7,4.5
Katla,0,0,100,You Decide,Neutral,2,3117,7.6,5.4,4.3
Record of Ragnarok,40,7,53,Do not Watch,Negative,0,1505,6.9,7.7,4.9
Red Snow,40,17,43,You Decide,Neutral,2,1917,7.7,6.3,4.7
Silver Linings Playbook,40,17,43,You Decide,Neutral,2,2410,7.4,8,5
The Gift,93,3,3,Go and Watch,Positive,1,3818,7.3,7.8,5
A Man For The Week End,50,23,27,Go and Watch,Positive,1,18074,8.1,7.7,5
Biking Borders,10,0,7,You Decide,Neutral,2,7854,8.3,7.4,5
Elite Short Stories: Omar Ander Alexis,0,0,10,You Decide,Neutral,2,8825,8.3,7.4,5
Let's Eat,40,23,37,Go and Watch,Positive,1,9955,7.3,6.7,4.7
Lowriders,50,20,30,Go and Watch,Positive,1,1388,7.6,6,4.5
Millennials,47,33,20,Go and Watch,Positive,1,21425,7.9,7.2,5
Penguin Town,40,10,50,You Decide,Neutral,2,3821,8.2,6,4.7
Security,57,23,20,Go and Watch,Positive,1,27886,8.3,8.4,5
Silver Skates,23,0,37,You Decide,Neutral,2,27635,7.5,6.1,4.5
Avengers Climate Conundrum,3,0,0,Go and Watch,Positive,1,38802,8.1,8.1,5
Beyond Evil,10,77,13,Do not Watch,Negative,0,5567,8.4,7.5,5
Elite Short Stories: Nadia Guzmán,0,0,23,You Decide,Neutral,2,6433,6.8,7,4.6
FTA,17,3,80,You Decide,Neutral,2,1042,6.3,7.3,4.5
Headspace: Unwind Your Mind,0,0,0,Go and Watch,Positive,1,1549,6.8,7.8,4.9
Life of Crime,23,53,23,Do not Watch,Negative,0,73511,8,6.8,4.9
Power Rangers Dino Fury,13,57,30,Do not Watch,Negative,0,2390,7.5,7.2,4.9
Rhyme Time Town,3,3,0,Go and Watch,Positive,1,3346,6.3,6.6,4.3
Rogue Warfare: Death of a Nation,0,0,0,Go and Watch,Positive,1,11519,8.5,5.3,4.6
Sir! No Sir!,27,63,10,Do not Watch,Negative,0,1039,6.4,7.4,4.6
The American Bible Challenge,0,0,0,Go and Watch,Positive,1,17048,8.1,7.6,5
The Reason I Jump,40,27,33,Go and Watch,Positive,1,12761,6.9,7.2,4.7
Elite Short Stories: Guzmán Caye Rebe,0,0,13,You Decide,Neutral,2,4413,7.4,7.7,5
Metallica: Some Kind of Monster,13,3,30,You Decide,Neutral,2,21273,6.7,7.4,4.7
Picture a Scientist,53,17,30,Go and Watch,Positive,1,20132,6.5,7,4.5
The Devil Below,30,53,17,Do not Watch,Negative,0,11760,7.5,5.9,4.5
Bling Empire - The Afterparty,0,0,0,Go and Watch,Positive,1,37450,6.9,6.2,4.4
Cobra Kai - The Afterparty,0,0,0,Go and Watch,Positive,1,1043,8.5,6.3,4.9
Love (ft. Marriage and Divorce),90,0,10,Go and Watch,Positive,1,1077,7.5,6.7,4.7
To All the Boys: Always and Forever - The Afterparty,0,0,0,Go and Watch,Positive,1,3085,8.2,6.5,4.9
LEGO Friends: The Power of Friendship,0,0,0,Go and Watch,Positive,1,2354,7.2,6.4,4.5
Lupin,3,10,87,You Decide,Neutral,2,2300,7.2,6.3,4.5
Sarbath,17,3,80,You Decide,Neutral,2,19171,7.9,6.8,4.9
Skater Girl,43,7,50,Do not Watch,Negative,0,4295,6.3,6.2,4.2
Trese,3,17,80,You Decide,Neutral,2,1843,3.8,5.6,3.1
Trese After Dark,0,0,0,Go and Watch,Positive,1,6256,6.7,6.4,4.4
Wish Dragon,70,20,10,Go and Watch,Positive,1,2210,7.7,5,4.2
A Haunted House 2,13,73,13,Do not Watch,Negative,0,4538,6.8,6.7,4.5
Blind Intersections,23,37,3,Do not Watch,Negative,0,52886,8,6.2,4.7
Camellia Sisters,7,3,3,Go and Watch,Positive,1,3523,8.3,5.8,4.7
Copenhagen,37,13,50,You Decide,Neutral,2,1272,7.1,6.8,4.6
Locombianos,0,13,20,You Decide,Neutral,2,10689,5.4,7.1,4.2
Until Midnight,40,30,30,Go and Watch,Positive,1,15197,5.5,7.3,4.3
Awake,33,10,57,You Decide,Neutral,2,2277,7.6,6,4.5
Confusion Na Wa,13,17,10,Do not Watch,Negative,0,2051,7.1,7,4.7
"Fresh, Fried & Crispy",63,7,10,Do not Watch,Negative,0,198512,8.6,8.3,5
L.A.’s Finest,3,37,60,You Decide,Neutral,2,2387,8.5,6.8,5
Tragic Jungle,3,20,7,You Decide,Neutral,2,1012,8.4,6.9,5
Guru Aur Bhole,0,0,7,You Decide,Neutral,2,1673,7.2,5.7,4.3
Vampire Academy,57,10,33,Go and Watch,Positive,1,1252,8.1,6.7,4.9
"Newly Rich, Newly Poor",13,13,3,You Decide,Neutral,2,1146,7.5,7.6,5
A Private War,23,63,13,Do not Watch,Negative,0,10407,7.2,5.8,4.3
Kitty Love: An Homage to Cats,0,0,3,You Decide,Neutral,2,3758,9.2,6,5
Small Chops,37,23,40,You Decide,Neutral,2,1141,7.2,5.9,4.4
Breaking Boundaries: The Science Of Our Planet,17,0,10,Go and Watch,Positive,1,2235,8.1,7.4,5
Feel Good,70,23,7,Go and Watch,Positive,1,1181,8.1,4.5,4.2
Fireplace 4K: Classic Crackling Fireplace from Fireplace for Your Home,0,0,0,Go and Watch,Positive,1,3737,6.8,7.4,4.7
Fireplace 4K: Crackling Birchwood from Fireplace for Your Home,0,0,0,Go and Watch,Positive,1,1077,7.7,2.6,3.4
Human: The World Within,57,27,17,Go and Watch,Positive,1,7549,7.9,7.5,5
Sweet & Sour,80,10,10,Go and Watch,Positive,1,4793,8.6,8.6,5
Sweet Tooth,83,17,0,Go and Watch,Positive,1,5578,7.7,6.8,4.8
Trippin' with the Kandasamys,0,0,7,You Decide,Neutral,2,6170,8,9.1,5
Xtreme,10,0,90,You Decide,Neutral,2,50462,7.7,6.1,4.6
Alan Saldaña: Locked Up,0,0,0,Go and Watch,Positive,1,4759,6.9,7.8,4.9
Creator's File: GOLD,0,0,0,Go and Watch,Positive,1,5120,6,5,3.7
Dancing Queens,47,20,33,Go and Watch,Positive,1,4208,8.2,6.2,4.8
From Stress to Happiness,57,33,10,Go and Watch,Positive,1,822174,8.9,7.6,5
Myriam Fares: The Journey,0,0,0,Go and Watch,Positive,1,14399,8.1,7.4,5
Pretty Guardian Sailor Moon Eternal The Movie,20,0,0,Go and Watch,Positive,1,2275,7.8,7.7,5
Summertime,43,17,40,Go and Watch,Positive,1,2687,7.5,7.6,5
The Girl and the Gun,47,40,13,Go and Watch,Positive,1,1098,6.6,7.4,4.7
2 Hearts,40,20,40,Go and Watch,Positive,1,2733,7.8,2.3,3.4
A Perfect Ending,73,13,13,Go and Watch,Positive,1,2280,6.3,5.9,4.1
American Outlaws,13,17,70,You Decide,Neutral,2,1321,7.6,7.2,4.9
And Then Came Lola,13,7,10,Do not Watch,Negative,0,6043,8.2,6,4.7
Attack on Titan,20,70,10,Do not Watch,Negative,0,5104,7.2,6.9,4.7
Battlefield Earth,40,47,13,Do not Watch,Negative,0,8252,7.8,6.6,4.8
Ben & Holly's Little Kingdom,37,3,23,Go and Watch,Positive,1,7178,8.7,6.6,5
Black Holes | The Edge of All We Know,3,3,20,Go and Watch,Positive,1,2248,7.4,6.8,4.7
Bliss,67,13,20,Go and Watch,Positive,1,18973,8.3,5.7,4.7
Carnaval,0,27,73,You Decide,Neutral,2,1977,7.9,6.1,4.7
Cloudburst,33,13,53,You Decide,Neutral,2,1698,7.4,6.1,4.5
Cocomelon,37,30,33,Go and Watch,Positive,1,9362,6.8,6.2,4.3
Company of Heroes,83,7,10,Go and Watch,Positive,1,1143,6.9,5.3,4.1
Cradle 2 the Grave,23,37,30,Do not Watch,Negative,0,1143,6.7,8.1,4.9
Domestic Disturbance,0,97,3,Do not Watch,Negative,0,5049,7.8,7.6,5
Downton Abbey,13,10,77,You Decide,Neutral,2,16936,8.3,7.1,5
Dream/Killer,40,57,3,Do not Watch,Negative,0,1991,5.8,6.9,4.2
Felon,27,23,50,You Decide,Neutral,2,2836,6.5,6.3,4.3
Flipped,40,20,40,Go and Watch,Positive,1,4594,7.5,7.4,5
Fools Rush In,23,70,7,Do not Watch,Negative,0,11187,6.2,7,4.4
Gold Statue,43,17,40,Go and Watch,Positive,1,6106,7.9,7.8,5
Happy Endings,67,20,13,Go and Watch,Positive,1,32805,7.2,6.9,4.7
Hostel: Part III,0,13,13,Do not Watch,Negative,0,1520,6.7,5.6,4.1
I Am Sam,30,40,30,Do not Watch,Negative,0,1606,5.8,7,4.3
Love Jones,87,7,7,Go and Watch,Positive,1,1857,5.5,8.2,4.6
Million Dollar Baby,23,20,57,You Decide,Neutral,2,1200,8.5,7.8,5
Mosquita y Mari,0,0,0,Go and Watch,Positive,1,3945,8.4,7.2,5
Never Back Down 2: The Beatdown,0,0,7,You Decide,Neutral,2,6383,7.8,8.7,5
Ninja Assassin,33,27,40,You Decide,Neutral,2,6267,6,7.3,4.4
Ouran High School Host Club,20,17,63,You Decide,Neutral,2,11855,8,6.8,4.9
Population 436,3,7,10,Do not Watch,Negative,0,1569,5.9,8,4.6
Racket Boys,30,10,60,You Decide,Neutral,2,3273,6.8,7.1,4.6
Seven Souls in the Skull Castle: Season Moon Jogen,0,0,0,Go and Watch,Positive,1,1342,7.1,6.6,4.6
Seven Souls in the Skull Castle: Season Moon Kagen,0,0,0,Go and Watch,Positive,1,3465,7.9,7.3,5
Sniper: Legacy,10,17,30,You Decide,Neutral,2,5585,7.8,6.4,4.7
Starsky & Hutch,30,13,57,You Decide,Neutral,2,6815,7.5,6.3,4.6
Streets of Fire,20,57,23,Do not Watch,Negative,0,4163,8.1,7.4,5
Super Monsters: Once Upon a Rhyme,0,0,0,Go and Watch,Positive,1,1141,7.1,6.2,4.4
Swordfish,10,23,67,You Decide,Neutral,2,1266,3.8,6.3,3.4
The Adventures of Sonic the Hedgehog,87,3,10,Go and Watch,Positive,1,7552,9.1,8.1,5
The Four Seasons,37,7,57,Do not Watch,Negative,0,1321,7.3,7.8,5
The Girl King,33,27,40,You Decide,Neutral,2,2154,7.1,7,4.7
The Interpreter,33,27,40,You Decide,Neutral,2,3327,6.2,7.1,4.4
The Meddler,33,37,30,Do not Watch,Negative,0,3657,6.8,7.1,4.6
The Mirror Has Two Faces,20,13,37,You Decide,Neutral,2,5122,7.5,7,4.8
The Outlaw Josey Wales,30,20,50,You Decide,Neutral,2,16095,6.8,6,4.3
The Platform,30,33,37,You Decide,Neutral,2,1925,7.4,7.1,4.8
The Wedding Guest,37,30,33,Go and Watch,Positive,1,36491,8.6,7,5
The Wind,60,7,33,Do not Watch,Negative,0,3362,8.1,8.1,5
Then Came You,33,37,30,Do not Watch,Negative,0,7235,7.5,5.4,4.3
Welcome Home,97,0,3,Go and Watch,Positive,1,1897,7.9,7.7,5
Dirty John,30,50,20,Do not Watch,Negative,0,11904,7.7,8.1,5
Bo Burnham: Inside,47,17,37,Go and Watch,Positive,1,1598,7.8,6.6,4.8
One Lagos Night,33,40,27,Do not Watch,Negative,0,27503,6.5,5.9,4.1
Collateral Beauty,87,3,10,Go and Watch,Positive,1,3886,4.7,7.3,4
Dog Gone Trouble,3,10,0,Go and Watch,Positive,1,16390,6.6,7.5,4.7
The Kominsky Method,27,13,60,You Decide,Neutral,2,26742,6.1,7.2,4.4
The Least Expected Day: Inside the Movistar Team 2019,0,0,0,Go and Watch,Positive,1,1773,7.3,7.6,5
Word of Honor,80,13,7,Go and Watch,Positive,1,6982,8.3,5.3,4.5
Black Space,40,27,33,Go and Watch,Positive,1,9777,7.2,6.6,4.6
Blue Miracle,63,3,33,Go and Watch,Positive,1,11797,7,8.4,5
Eden,67,0,33,Go and Watch,Positive,1,3335,8.4,8.6,5
Ghost Lab,33,47,20,Do not Watch,Negative,0,8654,8.4,5.1,4.5
Ragnarok,30,13,57,You Decide,Neutral,2,1995,8.1,4.7,4.3
Soy Rada: Serendipity,0,0,0,Go and Watch,Positive,1,1520,7.1,6.3,4.5
The Day I lost My Shadow,10,7,3,Do not Watch,Negative,0,13372,7.9,7.1,5
Baggio: The Divine Ponytail,20,0,7,You Decide,Neutral,2,3209,8.5,7.3,5
Motu Patlu: Deep Sea Adventure,0,0,0,Go and Watch,Positive,1,1656,8.4,6.2,4.9
Durarara!!,40,3,57,You Decide,Neutral,2,11393,7.7,7.1,4.9
Universal Soldier: The Return,10,3,3,Do not Watch,Negative,0,2973,5.7,5.9,3.9
Safe Haven,70,7,23,Go and Watch,Positive,1,28118,7.9,6.1,4.7
Little Big Women,23,40,37,Do not Watch,Negative,0,75780,8.8,6.8,5
Nailed It! Mexico,10,3,17,Do not Watch,Negative,0,50153,8.5,8.3,5
Nocturnal Animals,27,10,63,You Decide,Neutral,2,2039,7.5,6.4,4.6
Over Christmas,33,30,37,You Decide,Neutral,2,16505,7.4,6.3,4.6
Love & Anarchy,83,3,13,Go and Watch,Positive,1,7489,7.7,8,5
Someone Has to Die,13,77,10,Do not Watch,Negative,0,1897,8.1,8.2,5
Golmaal Returns,13,0,13,Go and Watch,Positive,1,26634,8.4,5.1,4.5
Transformers: Cyberverse,40,23,37,Go and Watch,Positive,1,59256,7.8,7.2,5
(Un)Well,53,20,27,Go and Watch,Positive,1,3665,7.1,6.8,4.6
The Players,57,17,27,Go and Watch,Positive,1,1160,6.7,7.4,4.7
Vivah,17,7,77,You Decide,Neutral,2,6137,7.5,5.9,4.5
True: Rainbow Rescue,3,0,3,Go and Watch,Positive,1,8799,7.8,2.6,3.5
The Wrong Missy,17,70,13,Do not Watch,Negative,0,9010,7.1,5.1,4.1
After Life,43,33,23,Go and Watch,Positive,1,2704,6.9,7.7,4.9
Saint Seiya,0,43,57,You Decide,Neutral,2,4394,7.2,6.7,4.6
Angu Vaikuntapurathu (Malayalam),0,0,0,Go and Watch,Positive,1,3330,8.2,6.5,4.9
Jada,23,30,47,You Decide,Neutral,2,41596,6.7,7.4,4.7
Until Dawn,27,33,40,You Decide,Neutral,2,2579,7.6,7.9,5
Isoken,7,0,93,You Decide,Neutral,2,11627,7.6,6.1,4.6
Mike Birbiglia: What I Should Have Said Was Nothing: Tales from My Secret Public Journal,0,0,0,Go and Watch,Positive,1,46900,7.7,5.6,4.4
Maid-Sama!,33,17,50,You Decide,Neutral,2,24077,5.2,5.7,3.6
Rhythm + Flow,33,37,30,Do not Watch,Negative,0,1775,7.1,8.2,5
Moving Art,53,13,33,Go and Watch,Positive,1,4978,6.3,4.8,3.7
My First First Love,73,13,13,Go and Watch,Positive,1,1832,7.4,8.1,5
Pihu,10,0,90,You Decide,Neutral,2,1276,7,8,5
The Society,40,37,23,Go and Watch,Positive,1,1346,7.4,6.2,4.5
Quicksand,20,33,47,You Decide,Neutral,2,7345,8.1,8.1,5
That Thing Called Tadhana,20,3,33,You Decide,Neutral,2,2488,5.9,8.2,4.7
LEGO Marvel Super Heroes: Guardians of the Galaxy,0,0,0,Go and Watch,Positive,1,2663,5.7,7.3,4.3
Sam Kinison: The Scream Continues,0,0,0,Go and Watch,Positive,1,2265,6.4,8.3,4.9
Haunted House,30,63,7,You Decide,Neutral,2,44939,8.3,5.2,4.5
Hattrick,27,13,60,You Decide,Neutral,2,1806,7.7,6.3,4.7
Eric ldle's What About Dick?,0,0,0,Go and Watch,Positive,1,43477,7.9,7.2,5
Super Monsters Monster Party,0,0,0,Go and Watch,Positive,1,11240,7.5,8.1,5
Invisible,40,10,50,You Decide,Neutral,2,63778,7.1,7.5,4.9
Bad Genius,27,70,3,Do not Watch,Negative,0,1607,7.5,7.2,4.9
Todo lo que sería Lucas Lauriente,0,0,0,Go and Watch,Positive,1,1904,7.9,6.8,4.9
Love Per Square Foot,17,0,0,Go and Watch,Positive,1,6318,6.9,4.7,3.9
DreamWorks Home: For the Holidays,0,0,0,Go and Watch,Positive,1,30573,7.6,8.3,5
Generation Iron 2,3,3,0,Go and Watch,Positive,1,2826,6.8,8,4.9
LEGO Marvel Super Heroes: Avengers Reassembled!,0,0,0,Go and Watch,Positive,1,2858,6.7,8.5,5
Shimmer Lake,17,0,7,You Decide,Neutral,2,2703,6.6,7.4,4.7
Win It All,57,37,7,You Decide,Neutral,2,2268,7.8,7.5,5
We're Lalaloopsy,0,0,0,Go and Watch,Positive,1,3832,6.1,7.5,4.5
They Are Everywhere,33,47,20,Do not Watch,Negative,0,1622,6.4,5.2,3.9
The Fundamentals of Caring,83,10,7,Go and Watch,Positive,1,14109,7.8,7.8,5
Breaking Bad,13,83,3,Do not Watch,Negative,0,2571,7.5,6.8,4.8
A Haunting at Silver Falls: The Return,0,0,0,Go and Watch,Positive,1,1511,7.2,7.9,5
American Experience: The Island Murder,0,0,0,Go and Watch,Positive,1,7298,7.3,7.4,4.9
Barbie: Princess Charm School,93,3,3,Go and Watch,Positive,1,1348,6.9,6.8,4.6
Blue Mountain State: The Rise of Thadland,0,0,0,Go and Watch,Positive,1,1281,6.6,7,4.5
Chal Mere Bhai,30,10,60,You Decide,Neutral,2,1538,6.5,8.2,4.9
Crash,13,73,13,Do not Watch,Negative,0,9968,8,6,4.7
Dr. Seuss' The Grinch,33,3,23,Go and Watch,Positive,1,3229,5.8,7.1,4.3
Farce,10,70,20,Do not Watch,Negative,0,1806,7.7,5.8,4.5
Get Santa,57,20,23,Go and Watch,Positive,1,1539,8.1,5.8,4.6
Have You Seen the Listers?,0,0,0,Go and Watch,Positive,1,6455,6.8,6.8,4.5
I Am Not Madame Bovary,0,3,0,Do not Watch,Negative,0,5226,7.8,5.8,4.5
Jonathan Strange & Mr Norrell,37,60,3,Do not Watch,Negative,0,2651,7.2,6.6,4.6
Kung Fu Magoo,0,0,0,Go and Watch,Positive,1,1521,8.7,6.5,5
Los tiempos de Pablo Escobar,3,30,67,You Decide,Neutral,2,1484,7.9,6.9,4.9
Memoir of a Murderer,7,83,10,Do not Watch,Negative,0,1585,7,6.8,4.6
My Life My Story,30,10,60,You Decide,Neutral,2,2224,6.6,7.1,4.6
OCTB,3,3,93,You Decide,Neutral,2,14782,7.5,7.4,5
Pick of the Litter,50,17,33,Go and Watch,Positive,1,2348,7.9,7.2,5
Rebelde,3,17,80,You Decide,Neutral,2,3536,7.2,5.5,4.2
Sat Sri Akal,30,0,70,You Decide,Neutral,2,1898,8.7,6.8,5
Slobby's World,0,0,0,Go and Watch,Positive,1,1685,7.2,7.3,4.8
Swiss Army Man,37,13,50,You Decide,Neutral,2,1207,3.9,6.3,3.4
The Cell,50,27,23,Go and Watch,Positive,1,34278,6.7,7.6,4.8
The Heat: A Kitchen (R)evolution,0,0,0,Go and Watch,Positive,1,2092,6.6,8,4.9
The NSU-Complex,0,0,0,Go and Watch,Positive,1,5863,7.8,6.1,4.6
The Tuxedo,43,20,37,Go and Watch,Positive,1,26412,7.2,6,4.4
Tunisian Victory,100,0,0,Go and Watch,Positive,1,2620,6.6,8.8,5
Wild Alaska,37,23,40,You Decide,Neutral,2,2675,5.8,6.8,4.2
Jailbirds New Orleans,0,0,13,You Decide,Neutral,2,13757,8.1,6,4.7
Sankofa,60,10,30,Go and Watch,Positive,1,2548,7.3,8.9,5
The Starling,47,10,43,Go and Watch,Positive,1,2043,8.5,7.7,5
Minsara Kanavu,10,0,30,You Decide,Neutral,2,4097,5.8,5.8,3.9
Birth of the Dragon,43,37,20,Go and Watch,Positive,1,1804,8.3,6.1,4.8
Safe House,73,13,13,Go and Watch,Positive,1,1160,6.3,8.7,5
King of Boys,30,27,43,You Decide,Neutral,2,1766,6.8,7,4.6
Little Singham - Black Shadow,0,0,0,Go and Watch,Positive,1,1448,5.8,8,4.6
Tughlaq Durbar (Telugu),0,0,0,Go and Watch,Positive,1,30480,6.8,6.3,4.4
Tayo the Little Bus,13,7,27,Do not Watch,Negative,0,14424,8.5,8.5,5
Dive Club,50,10,40,Go and Watch,Positive,1,9617,8.6,8.4,5
Money Heist: From Tokyo to Berlin,0,0,3,You Decide,Neutral,2,130296,8.2,7.8,5
Chappie,43,27,30,Go and Watch,Positive,1,18351,6.5,7.5,4.7
Cold Mountain,57,17,27,Go and Watch,Positive,1,23125,8,8.4,5
Freedom Writers,73,13,13,Go and Watch,Positive,1,35753,6.6,8.5,5
Kuroko's Basketball,23,23,53,You Decide,Neutral,2,28452,6.3,8.7,5
Marshall,43,13,43,Go and Watch,Positive,1,32695,7.2,7.9,5
Oldsters,23,33,43,You Decide,Neutral,2,6551,8.1,7.5,5
The Blue Lagoon,37,13,50,You Decide,Neutral,2,17939,6.8,8.2,5
Baggio: The Divine Ponytail,30,15,15,Go and Watch,Positive,1,45460,7.3,6.3,4.5
Gatao - The Last Stray,20,15,15,Go and Watch,Positive,1,9084,7.5,8.5,5
High on the Hog: How African American Cuisine Transformed America,20,15,3,You Decide,Neutral,2,2582,7.2,8.4,5
JoJo's Bizarre Adventure,20,33,47,You Decide,Neutral,2,23811,7.7,7.8,5
Nail Bomber: Manhunt,20,15,7,You Decide,Neutral,2,13775,7,7.5,4.8
A Place in the Stars,70,17,13,Go and Watch,Positive,1,88631,8.7,8.4,5
Home,40,20,40,Go and Watch,Positive,1,1972,5.7,8.5,4.7
Mad for Each Other,23,73,3,Do not Watch,Negative,0,7821,7.7,8.7,5
Master of None,30,20,50,You Decide,Neutral,2,1102,7.4,7.9,5
Sam Smith: Love Goes - Live at Abbey Road Studios,10,15,15,Go and Watch,Positive,1,1082,5.6,7.5,4.4
99 Songs,70,10,20,Go and Watch,Positive,1,1835,7.4,8.2,5
99 Songs (Tamil),3,3,15,Go and Watch,Positive,1,15700,6.1,8.9,5
99 Songs (Telugu),3,15,15,Go and Watch,Positive,1,4524,7.4,6.3,4.6
Army of the Dead,13,73,13,Do not Watch,Negative,0,7648,8.1,4.9,4.3
Creating an Army of the Dead,20,15,15,Go and Watch,Positive,1,1037,7.8,7.5,5
Jurassic World Camp Cretaceous,17,17,67,You Decide,Neutral,2,83392,8.4,6.1,4.8
Strain,50,37,13,Go and Watch,Positive,1,2262,6.8,6.5,4.4
The Neighbor,27,40,33,Do not Watch,Negative,0,1674,7.8,7.8,5
678,3,7,90,You Decide,Neutral,2,2091,6.8,6.7,4.5
Asmaa,20,15,100,You Decide,Neutral,2,1929,5.7,8,4.6
Hating Peter Tatchell,20,20,15,Do not Watch,Negative,0,1368,6.6,7.7,4.8
Little Singham Future mein Satakli,20,15,15,Go and Watch,Positive,1,1040,7.1,5.6,4.2
Special,53,7,40,Do not Watch,Negative,0,5426,7.3,8.1,5
Spy Kids: All the Time in the World,3,15,10,Go and Watch,Positive,1,1239,7.1,7.7,4.9
Taxi No. 9211,3,17,15,Go and Watch,Positive,1,1310,7.4,7.7,5
Sabotage,23,60,17,Do not Watch,Negative,0,1200,5.3,8.3,4.5
Small Town Crime,23,57,20,Do not Watch,Negative,0,10954,8.6,6.8,5
The Last Days,40,20,40,Go and Watch,Positive,1,1646,7.9,6.6,4.8
The Magic School Bus,33,20,47,You Decide,Neutral,2,2694,7.2,7.2,4.8
Who Killed Sara?,7,93,15,Do not Watch,Negative,0,3695,6.4,8.3,4.9
Amy Tan: Unintended Memoir,3,15,15,Go and Watch,Positive,1,1324,7.8,7.3,5
Sardar Ka Grandson,20,15,15,Go and Watch,Positive,1,3994,3.7,7.7,3.8
Sleight,53,27,20,Go and Watch,Positive,1,1203,7.6,8.9,5
Ahaan,33,17,50,You Decide,Neutral,2,1871,4.2,6.7,3.6
Booba: Food Puzzle,20,15,15,Go and Watch,Positive,1,1514,8.8,6.6,5
Love or Money,73,20,7,Go and Watch,Positive,1,68206,8.7,7.9,5
Alma Matters,80,3,13,Go and Watch,Positive,1,2692,6.9,6.9,4.6
Cinema Bandi,17,3,50,You Decide,Neutral,2,330574,8.7,7.9,5
Ferry,23,10,67,You Decide,Neutral,2,1040,7.4,7,4.8
Halston,17,15,83,You Decide,Neutral,2,1200,7.9,7.7,5
Haunted,20,57,23,Do not Watch,Negative,0,2366,7.9,6.6,4.8
I Am All Girls,67,27,7,You Decide,Neutral,2,1071,6,6.9,4.3
Jungle Beat: The Movie,3,15,15,Go and Watch,Positive,1,3500,8.7,6.7,5
"Love, Death & Robots",70,23,7,Go and Watch,Positive,1,5957,7.5,7.5,5
Move to Heaven,80,10,10,Go and Watch,Positive,1,1116,8.4,5.9,4.8
Table Manners,70,20,10,Go and Watch,Positive,1,1133,7.6,6.5,4.7
The Mystic River,33,20,47,You Decide,Neutral,2,3104,7.4,7.8,5
The Strange House,20,63,17,Do not Watch,Negative,0,1295,6.5,7.1,4.5
The Upshaws - The Afterparty,20,15,15,Go and Watch,Positive,1,2505,9,7.3,5
The Woman in the Window,17,23,60,You Decide,Neutral,2,6506,2.6,7,3.2
Castlevania,37,23,40,You Decide,Neutral,2,3892,6.2,8.1,4.8
Layer Cake,60,7,33,Do not Watch,Negative,0,3015,8.7,7.7,5
Tottaa Pataaka Item Maal,20,15,15,Go and Watch,Positive,1,1697,6.6,8,4.9
Wave of Cinema: Filosofi Kopi,20,15,15,Go and Watch,Positive,1,1121,6.5,8.6,5
Dance of the Forty One,20,15,3,You Decide,Neutral,2,1181,7.5,7.9,5
Oxygen,47,10,43,Go and Watch,Positive,1,1635,7.4,7.6,5
The Upshaws,70,10,20,Go and Watch,Positive,1,1342,5.9,7.4,4.4
Use For My Talent,67,7,27,Do not Watch,Negative,0,1147,7.1,6.9,4.7
Dear Affy,13,15,15,Go and Watch,Positive,1,16253,7.5,8.1,5
Illegal Woman,7,63,30,Go and Watch,Positive,1,1165,5,7.2,4.1
"Money, Explained",40,33,27,Go and Watch,Positive,1,22544,7.8,7,4.9
Deadly Switch,37,23,40,You Decide,Neutral,2,5056,6.8,5.4,4.1
Mine,30,13,57,You Decide,Neutral,2,3932,8.4,9.6,5
Nayattu,27,15,57,You Decide,Neutral,2,1306,7.5,6.5,4.7
Sleepless,43,20,37,Go and Watch,Positive,1,1181,7.6,6.9,4.8
Super Me,67,10,23,Go and Watch,Positive,1,3270,6.8,3.8,3.5
Have You Ever Seen Fireflies? - Theatre Play,20,15,15,Go and Watch,Positive,1,1345,4.4,5.3,3.2
In Our Mothers' Gardens,7,15,17,Go and Watch,Positive,1,2612,7.1,6.5,4.5
Jupiter's Legacy,53,10,37,Go and Watch,Positive,1,2678,6.4,6.3,4.2
Milestone,53,13,33,Go and Watch,Positive,1,3078,7.1,7.4,4.8
Monster,17,27,57,You Decide,Neutral,2,18580,8.5,8.9,5
Sab Jholmaal Hai,20,15,15,Go and Watch,Positive,1,1477,7.6,9,5
The Circle - The Afterparty,3,15,15,Go and Watch,Positive,1,1250,7.5,8.7,5
Time to Dance,70,23,7,Go and Watch,Positive,1,1363,6.5,6,4.2
Unrest,37,33,30,Go and Watch,Positive,1,6499,8.1,6.8,5
And Tomorrow the Entire World,57,33,10,Go and Watch,Positive,1,2246,8.5,6.7,5
Dead Man Down,20,70,10,Do not Watch,Negative,0,1052,6.5,7.2,4.6
Framing John DeLorean,20,15,15,Go and Watch,Positive,1,20381,7.1,8.3,5
Lava Ka Dhaava,20,15,15,Go and Watch,Positive,1,7917,7.8,7.7,5
The Sons of Sam: A Descent into Darkness,20,27,15,Do not Watch,Negative,0,2460,8.3,7.4,5
Selena: The Series,53,20,27,Go and Watch,Positive,1,10817,8.4,6.8,5
StartUp,37,10,53,You Decide,Neutral,2,1770,7.5,6.6,4.7
The Clovehitch Killer,17,80,3,Do not Watch,Negative,0,1902,8,6.4,4.8
Trash Truck,27,20,53,You Decide,Neutral,2,30632,7.9,8,5
Aliens Stole My Body,20,15,15,Go and Watch,Positive,1,13682,7.2,6.8,4.7
Angelina Ballerina,30,17,53,You Decide,Neutral,2,3691,6.7,8.1,4.9
Au coeur des gangs,20,15,15,Go and Watch,Positive,1,1630,8.5,8,5
Barney and Friends,73,7,20,Go and Watch,Positive,1,1584,8.9,7.5,5
Best of the Best,93,3,3,Go and Watch,Positive,1,10408,6.8,8.3,5
Dead Again in Tombstone,20,15,15,Go and Watch,Positive,1,4240,4.1,8.6,4.2
Due Date,63,23,13,Go and Watch,Positive,1,2638,9.1,5.3,4.8
Fun with Dick & Jane,27,20,53,You Decide,Neutral,2,1798,9,7.2,5
Green Zone,27,37,37,Do not Watch,Negative,0,2840,7.5,5,4.2
Hachi: A Dog's Tale,23,27,50,You Decide,Neutral,2,19979,7.4,5.6,4.3
JT LeRoy,40,3,3,Go and Watch,Positive,1,2161,8.7,7.1,5
Madagascar 3: Europe's Most Wanted,10,15,37,You Decide,Neutral,2,1281,7.2,6.2,4.5
Miniforce: Super Dino Power,3,15,15,Go and Watch,Positive,1,1012,7,7.4,4.8
Motu Patlu in Dragon's World,20,15,15,Go and Watch,Positive,1,1403,8.5,6.9,5
Motu Patlu in the Game of Zones,20,15,15,Go and Watch,Positive,1,3745,6.8,5.9,4.2
Motu Patlu in Wonderland,13,15,15,Go and Watch,Positive,1,2229,8.1,8.5,5
Motu Patlu: Deep Sea Adventure,20,15,15,Go and Watch,Positive,1,1072,8.3,5.7,4.7
Motu Patlu: Mission Moon,20,15,15,Go and Watch,Positive,1,15554,7.4,6.7,4.7
Mystic River,7,7,87,You Decide,Neutral,2,1209,6.2,7.1,4.4
Never Back Down,27,47,27,Do not Watch,Negative,0,1328,7.1,7.4,4.8
S.M.A.R.T Chase,7,15,10,Go and Watch,Positive,1,3886,7.8,6.5,4.8
Sitting in Limbo,47,27,27,Go and Watch,Positive,1,4027,8,6.8,4.9
Stargate,40,10,50,You Decide,Neutral,2,9549,6.6,5.5,4
State of Play,50,33,17,Go and Watch,Positive,1,23701,6.8,6.7,4.5
Swiped,37,33,30,Go and Watch,Positive,1,1403,8.1,5.8,4.6
The Darkest Hour,23,63,13,Do not Watch,Negative,0,1659,7.8,6.1,4.6
The Lovely Bones,70,13,17,Go and Watch,Positive,1,1102,6.7,5.3,4
The Sweetest Thing,53,13,33,Go and Watch,Positive,1,299836,9.2,7,5
The Whole Nine Yards,53,27,20,Go and Watch,Positive,1,18377,7.1,7.4,4.8
The Whole Truth,60,33,7,You Decide,Neutral,2,1056,7.9,7.4,5
The Yeti Adventures,7,15,15,Go and Watch,Positive,1,6952,3.7,8.5,4.1
Under Siege,37,37,27,Go and Watch,Positive,1,1881,8.6,7.1,5
Zack and Miri Make a Porno,23,10,67,You Decide,Neutral,2,1106,7.2,8.4,5
Pet Stars,43,13,43,Go and Watch,Positive,1,2150,4.7,7.8,4.2
Seven,30,3,67,You Decide,Neutral,2,1040,6.5,6.4,4.3
The Disciple,33,27,40,You Decide,Neutral,2,1128,6,7.7,4.6
The Innocent,43,50,7,You Decide,Neutral,2,2059,7.6,6.4,4.7
The Mitchells vs. The Machines,20,20,60,You Decide,Neutral,2,1122,6.2,5.8,4
The Strangers: Prey at Night,30,23,47,You Decide,Neutral,2,5092,4.4,7.5,4
The Unremarkable Juanquini,20,15,15,Go and Watch,Positive,1,1109,5.3,6,3.8
Things Heard & Seen,47,20,33,Go and Watch,Positive,1,2283,8.1,8.1,5
Yasuke,10,10,80,You Decide,Neutral,2,10071,7.1,8,5
Get the Grift,47,27,27,Go and Watch,Positive,1,1350,7,8.5,5
Headspace Guide to Sleep,7,15,3,Go and Watch,Positive,1,24246,8.1,8.9,5
Sexify,33,7,60,Do not Watch,Negative,0,4057,7,7,4.7
August: Osage County,40,17,43,You Decide,Neutral,2,2381,7.3,7.2,4.8
Battle: Los Angeles,23,57,20,Do not Watch,Negative,0,4747,6.8,7.8,4.9
Between Worlds,40,27,33,Go and Watch,Positive,1,1160,6.6,7.2,4.6
Fatma,20,3,97,You Decide,Neutral,2,212610,8.4,7.5,5
One,53,27,20,Go and Watch,Positive,1,2188,6.4,7.6,4.7
Ram Prasad Ki Tehrvi,20,15,15,Go and Watch,Positive,1,20660,6.6,5.8,4.1
Shadow and Bone - The Afterparty,20,15,15,Go and Watch,Positive,1,1223,6.6,5.4,4
Among Family,47,23,30,Go and Watch,Positive,1,1476,7,5.5,4.2
Dedemin Fisi,20,15,3,You Decide,Neutral,2,1148,6,5.7,3.9
Deliha,13,15,87,You Decide,Neutral,2,4600,6.5,5.1,3.9
Düğün Dernek,7,15,93,You Decide,Neutral,2,2568,5.1,6.6,3.9
Dügün Dernek 2: Sünnet,20,15,15,Go and Watch,Positive,1,1124,7,6.5,4.5
G.O.R.A,7,15,93,You Decide,Neutral,2,1092,8,6.2,4.7
Hayat Öpücügü,7,15,93,You Decide,Neutral,2,1047,7.9,7.4,5
Heroes: Silence and Rock & Roll,20,15,15,Go and Watch,Positive,1,2554,9.2,7.3,5
Kara Bela,13,15,87,You Decide,Neutral,2,50809,7.2,7,4.7
Kocan Kadar Konus,7,15,7,Go and Watch,Positive,1,12848,8.9,6,5
Kocan Kadar Konus 2: Dirilis,20,15,15,Go and Watch,Positive,1,1001,8.8,7.6,5
Legal Hash,60,3,37,Go and Watch,Positive,1,4309,6.9,7.4,4.8
Let's Fight Ghost,17,77,7,Do not Watch,Negative,0,75227,7.1,6.6,4.6
My Travel Buddy,60,10,30,Go and Watch,Positive,1,1497,7,6.1,4.4
Niyazi Gül Dörtnala,20,15,15,Go and Watch,Positive,1,1505,7.7,8.3,5
One Like It,47,37,17,Go and Watch,Positive,1,4449,8,7.3,5
Perfume Imaginary Museum “Time Warp”,7,15,3,Go and Watch,Positive,1,1313,7.4,5.3,4.2
Shadow and Bone,27,13,60,You Decide,Neutral,2,1823,8,7.7,5
This Lady Called Life,43,37,20,Go and Watch,Positive,1,1838,7.9,6.9,4.9
Vizontele,7,15,93,You Decide,Neutral,2,1032,8.2,6.4,4.9
HOMUNCULUS,17,20,63,You Decide,Neutral,2,1505,8,6.2,4.7
Life in Color with David Attenborough,20,15,15,Go and Watch,Positive,1,4113,8.1,5.5,4.5
Searching For Sheela,20,15,3,You Decide,Neutral,2,106383,7.1,6.9,4.7
Stowaway,40,17,43,You Decide,Neutral,2,1170,7.8,6.8,4.9
Wild Dog,43,17,40,Go and Watch,Positive,1,1338,8,6.5,4.8
Oloibiri,7,3,37,Go and Watch,Positive,1,1166,7.3,5.4,4.2
Tell Me When,57,30,13,Go and Watch,Positive,1,6082,8.2,6.4,4.9
Zero,20,17,63,You Decide,Neutral,2,1184,7,7.6,4.9
Izzy's Koala World,20,15,15,Go and Watch,Positive,1,3184,7.2,7.8,5
Keymon and Nani in Space Adventure,20,15,15,Go and Watch,Positive,1,14473,8.2,6.6,4.9
Motu Patlu Dino Invasion,20,15,15,Go and Watch,Positive,1,1904,7.7,7.2,5
Motu Patlu in Octupus World,20,15,15,Go and Watch,Positive,1,1797,6.8,6.9,4.6
Motu Patlu VS Robo Kids,20,15,15,Go and Watch,Positive,1,9173,8.5,6.2,4.9
Rudra: Secret of the Black Moon,20,15,15,Go and Watch,Positive,1,64366,7.9,6.2,4.7
Rudra: The Rise of King Pharaoh,20,15,15,Go and Watch,Positive,1,1233,6.2,7.8,4.7
Free to Play,70,7,23,Go and Watch,Positive,1,1307,7.1,7.5,4.9
Luis Miguel - The Series,17,15,37,You Decide,Neutral,2,1356,7.3,8.1,5
Miss Sloane,43,57,15,Do not Watch,Negative,0,1001,7.3,6.4,4.6
PJ Masks,47,20,33,Go and Watch,Positive,1,24449,8.3,8.3,5
American Me,47,30,23,Go and Watch,Positive,1,39980,8.5,7.7,5
Delhi Belly,47,13,40,Go and Watch,Positive,1,1176,7,6.6,4.5
Dhobi Ghat (Mumbai Diaries),20,15,15,Go and Watch,Positive,1,4690,6.8,7.3,4.7
Jaane Tu... Ya Jaane Na,23,20,57,You Decide,Neutral,2,2440,7,7.9,5
Lagaan,23,7,70,You Decide,Neutral,2,4035,8.5,6.3,4.9
Madness in the Desert,7,17,7,Go and Watch,Positive,1,3305,7.6,7.5,5
Peepli Live,13,17,33,You Decide,Neutral,2,1651,8.1,7.3,5
Taare Zameen Par,20,7,73,You Decide,Neutral,2,75469,7.3,8,5
Ajeeb Daastaans,13,3,20,Do not Watch,Negative,0,153934,8.1,4.1,4.1
Arlo the Alligator Boy,17,15,10,Go and Watch,Positive,1,7320,8.2,7.4,5
Bakugan: Geogan Rising,20,3,10,Do not Watch,Negative,0,1617,7.1,6.9,4.7
Barbie & Chelsea: The Lost Birthday,3,15,15,Go and Watch,Positive,1,1911,6.1,6.3,4.1
Crimson Peak,23,27,50,You Decide,Neutral,2,2251,6.5,7.6,4.7
Dad Stop Embarrassing Me - The Afterparty,20,15,15,Go and Watch,Positive,1,4914,6.3,8.2,4.8
Doctor Bello,10,27,63,You Decide,Neutral,2,6081,7.9,7.8,5
Four Sisters Before the Wedding,30,20,37,You Decide,Neutral,2,1149,6.8,7.2,4.7
Into the Beat,40,33,27,Go and Watch,Positive,1,2309,7.4,7.6,5
Love Naggers,23,10,15,Go and Watch,Positive,1,1137,7.6,6.4,4.7
Rush,53,27,20,Go and Watch,Positive,1,3314,7.2,6.9,4.7
Synchronic,43,10,47,You Decide,Neutral,2,2172,8,6.9,5
The Zookeeper's Wife,3,7,50,Do not Watch,Negative,0,1696,7.3,4.6,4
Time Trap,23,67,10,Do not Watch,Negative,0,12997,6.7,6.5,4.4
Tuesdays & Fridays,53,10,37,Go and Watch,Positive,1,4067,7.7,7.3,5
Dancing Angels,47,20,33,Go and Watch,Positive,1,1044,7.7,8.2,5
Dark City Beneath the Beat,20,15,15,Go and Watch,Positive,1,1897,3.9,5.7,3.2
Durarara!!,30,23,47,You Decide,Neutral,2,37617,7.5,5.1,4.2
GANTZ:O,7,10,83,You Decide,Neutral,2,1129,7.8,6.9,4.9
Garth Brooks: The Road I’m On,20,15,3,You Decide,Neutral,2,1261,8.2,6.8,5
Gilmore Girls,23,17,60,You Decide,Neutral,2,3925,8.2,5.4,4.5
High-Rise Invasion,20,10,70,You Decide,Neutral,2,2633,8.5,7.3,5
Next in Fashion,53,23,23,Go and Watch,Positive,1,12173,7.3,5.2,4.2
Only Mine,53,13,33,Go and Watch,Positive,1,4826,8.6,8,5
Peasants Rebellion,7,23,3,Go and Watch,Positive,1,1160,7.8,8.5,5
Power Players,40,23,37,Go and Watch,Positive,1,2527,7.9,7.4,5
Ricky Zoom,17,7,33,Do not Watch,Negative,0,1740,5.8,6.9,4.2
Ride or Die,20,73,7,Do not Watch,Negative,0,2401,7,7.2,4.7
Sonic X,40,23,37,Go and Watch,Positive,1,4136,6.3,5.7,4
The Master,57,23,20,Go and Watch,Positive,1,1009,8.6,6.1,4.9
Time Is Illmatic,57,17,27,Go and Watch,Positive,1,1843,6.2,6.6,4.3
Wave of Cinema: One Day We'll Talk About Today,20,15,15,Go and Watch,Positive,1,2336,6.4,6.5,4.3
Zoot Suit,40,33,27,Go and Watch,Positive,1,3174,5.9,8.4,4.8
Ajaibnya Cinta,20,15,13,You Decide,Neutral,2,6718,8.2,8.6,5
Dad Stop Embarrassing Me!,20,73,3,Do not Watch,Negative,0,1466,7.5,6.8,4.8
Fate: The Winx Saga,23,23,53,You Decide,Neutral,2,2075,6.6,8.7,5
House of Cards,23,40,37,Do not Watch,Negative,0,1625,6.5,6.9,4.5
Indian Matchmaking,23,20,57,You Decide,Neutral,2,3201,6.8,6.9,4.6
Jeffrey Epstein: Filthy Rich,37,3,3,Go and Watch,Positive,1,11750,7.2,6.3,4.5
Law School,30,30,40,You Decide,Neutral,2,1704,7,6.6,4.5
Living with Yourself,53,33,13,Go and Watch,Positive,1,1251,8.3,5.8,4.7
Signal,7,20,73,You Decide,Neutral,2,1142,7,6.9,4.6
Slasher,40,30,30,Go and Watch,Positive,1,37124,7.2,7.5,4.9
The Soul,30,20,50,You Decide,Neutral,2,1921,6.9,6.6,4.5
The Underclass,43,33,23,Go and Watch,Positive,1,1204,8.4,7,5
Unnatural Selection,30,13,57,You Decide,Neutral,2,3625,2.2,6.6,2.9
Uppena,17,3,80,You Decide,Neutral,2,2673,8.9,7.8,5
Why Did You Kill Me?,10,83,7,Do not Watch,Negative,0,3594,7.3,8.6,5
Motu Patlu in Hong Kong: Kung Fu Kings 3,20,15,15,Go and Watch,Positive,1,2412,7.6,7.8,5
Motu Patlu in the City of Gold,20,15,15,Go and Watch,Positive,1,1110,8.6,6.9,5
Motu Patlu Kung Fu Kings 4 The Challenge of Kung Fu Brothers,20,15,15,Go and Watch,Positive,1,3014,6.8,7.2,4.7
Motu Patlu the Superheroes – Super Villains from Mars,20,15,15,Go and Watch,Positive,1,2077,6.8,7.3,4.7
My Love: Six Stories of True Love,20,15,15,Go and Watch,Positive,1,1010,7.4,5.8,4.4
Shiva VS Autobots,20,15,15,Go and Watch,Positive,1,1340,2.7,6.2,3
Shiva: Journey to Plunotaria,20,15,15,Go and Watch,Positive,1,1732,6.7,6.6,4.4
Shiva: The Secret World Of Vedas City,20,15,15,Go and Watch,Positive,1,3596,7.9,5.8,4.6
The Baker and the Beauty,63,17,7,You Decide,Neutral,2,3752,6.6,7.7,4.8
New Gods: Nezha Reborn,13,3,20,Do not Watch,Negative,0,1046,5.9,6.2,4
"Nicky, Ricky, Dicky & Dawn",23,3,73,You Decide,Neutral,2,5688,6.6,8.6,5
Don't be the First one,47,33,20,Go and Watch,Positive,1,1456,7.2,6.6,4.6
The Stand-In,37,27,37,Go and Watch,Positive,1,16670,8.3,6.4,4.9
Heaven Official's Blessing,87,13,15,Go and Watch,Positive,1,1643,7.4,6.2,4.5
Night in Paradise,60,23,17,Go and Watch,Positive,1,1067,6.2,7.5,4.6
Ojukokoro: Greed,3,7,15,Do not Watch,Negative,0,3220,8.1,7.1,5
Roohi,10,7,83,You Decide,Neutral,2,4959,7.5,7.4,5
Thunder Force,30,33,37,You Decide,Neutral,2,1254,7.5,6.7,4.7
Two Distant Strangers,27,17,57,You Decide,Neutral,2,1668,7.9,7.8,5
Story of Kale: When Someone's in Love,20,15,3,You Decide,Neutral,2,1165,7.4,8.1,5
The Way of the Househusband,30,7,63,Do not Watch,Negative,0,1106,7.5,6.8,4.8
Dolly Parton: A MusiCares Tribute,20,15,3,You Decide,Neutral,2,303911,8.1,7.7,5
The Big Day,77,10,13,Go and Watch,Positive,1,3495,6.6,6.4,4.3
The Wedding Coach,50,17,33,Go and Watch,Positive,1,17518,8.5,7.7,5
This Is a Robbery: The World's Biggest Art Heist,20,7,3,Do not Watch,Negative,0,1017,7.9,6.9,4.9
The Last Kids on Earth: Happy Apocalypse to You,20,15,15,Go and Watch,Positive,1,33123,7.4,6.7,4.7
Coded Bias,30,63,7,You Decide,Neutral,2,1730,5.8,8,4.6
Mandela,13,30,57,You Decide,Neutral,2,10133,8.4,6.6,5
The Fisherman's Diary,3,15,15,Go and Watch,Positive,1,5843,7,6,4.3
What Lies Below,27,63,10,Do not Watch,Negative,0,1077,5.7,7,4.2
Escape from Planet Earth,50,13,3,Go and Watch,Positive,1,1761,3.4,5.4,2.9
Accepted,73,23,3,Go and Watch,Positive,1,1863,8.3,7.7,5
Air Strike,27,63,10,Do not Watch,Negative,0,5855,8.2,6.3,4.8
An American Girl: McKenna Shoots for the Stars,20,15,15,Go and Watch,Positive,1,8170,7.8,8,5
Concrete Cowboy,37,10,53,You Decide,Neutral,2,1249,8,7.8,5
Cross: Rise of the Villains,20,15,15,Go and Watch,Positive,1,11411,8.5,7.7,5
God Calling,50,33,17,Go and Watch,Positive,1,1489,3.7,7.4,3.7
Irul,3,10,87,You Decide,Neutral,2,374507,9.4,7.4,5
Just Say Yes,77,10,13,Go and Watch,Positive,1,1766,5.4,6.7,4
Madame Claude,10,15,90,You Decide,Neutral,2,3067,6.5,6,4.2
Wild Child,23,27,50,You Decide,Neutral,2,33324,8.2,7.2,5
Woody Woodpecker,33,20,47,You Decide,Neutral,2,50473,8.5,6,4.8
2012,17,10,73,You Decide,Neutral,2,2255,6.8,8.4,5
3 Idiots,40,20,40,Go and Watch,Positive,1,1780,7.5,6.1,4.5
Ferrari Ki Sawaari,20,15,3,You Decide,Neutral,2,1159,5.8,8.1,4.6
Glimpses of a Future,53,27,20,Go and Watch,Positive,1,2079,6.6,7.5,4.7
Ibrahim a Fate to Define,20,15,3,You Decide,Neutral,2,2237,6.4,7,4.5
Insidious,30,33,37,You Decide,Neutral,2,1938,7.5,7.3,4.9
Into the Grizzly Maze,20,15,67,You Decide,Neutral,2,2592,7.5,7.8,5
Kingsglaive: Final Fantasy XV,7,7,87,You Decide,Neutral,2,3279,7.1,6.8,4.6
Legally Blonde,77,13,10,Go and Watch,Positive,1,3548,9.1,7.2,5
Madam Chief Minister,40,17,20,Go and Watch,Positive,1,1202,7,6.6,4.5
Magical Andes,10,15,10,Go and Watch,Positive,1,1237,7.2,5.3,4.2
Maximum Risk,33,47,20,Do not Watch,Negative,0,1348,8.6,7.4,5
Murder Maps,10,70,20,Do not Watch,Negative,0,1839,7.5,7.6,5
My Fair Lady,73,23,3,Go and Watch,Positive,1,1603,9.1,7.2,5
Prank Encounters,27,43,30,Do not Watch,Negative,0,2068,8.9,7.7,5
S.W.A.T.: Under Siege,20,3,15,Do not Watch,Negative,0,1314,7.1,7.4,4.8
Secrets of Great British Castles,20,15,3,You Decide,Neutral,2,3089,6,7,4.3
Seven Souls in the Skull Castle: Season Bird,20,15,15,Go and Watch,Positive,1,128638,8.8,5.9,4.9
Seven Souls in the Skull Castle: Season Flower,20,15,15,Go and Watch,Positive,1,5383,8,6.2,4.7
Seven Souls in the Skull Castle: Season Wind,20,15,15,Go and Watch,Positive,1,1827,7.7,6.3,4.7
Sniper: Ghost Shooter,7,3,3,Go and Watch,Positive,1,3594,9.2,6.7,5
Starship Troopers: Traitor of Mars,10,3,3,Do not Watch,Negative,0,4713,7.7,6.5,4.7
Takers,27,33,40,You Decide,Neutral,2,2833,7.3,6.4,4.6
Tersanjung the Movie,20,15,3,You Decide,Neutral,2,9252,8.1,6.3,4.8
The Knight and the Princess,50,33,17,Go and Watch,Positive,1,8969,7.9,6.8,4.9
The Pianist,50,20,30,Go and Watch,Positive,1,2600,6.3,6.2,4.2
The Stepfather,43,20,37,Go and Watch,Positive,1,1607,5.7,5.6,3.8
Universal Soldier: The Return,3,7,10,Do not Watch,Negative,0,1927,8.4,6.4,4.9
Wazir,10,3,87,You Decide,Neutral,2,2644,6,5,3.7
White Boy,30,17,53,You Decide,Neutral,2,1698,8.1,6.7,4.9
Worn Stories,37,43,20,Do not Watch,Negative,0,1492,5.7,6.2,4
Yes Man,87,7,7,Go and Watch,Positive,1,1363,8.2,5.8,4.7
At Eternity's Gate,27,13,60,You Decide,Neutral,2,64441,8.8,6.8,5
Haunted: Latin America,3,10,15,Go and Watch,Positive,1,1943,6.8,7.1,4.6
Not a Game,43,50,7,You Decide,Neutral,2,2460,5.7,7.3,4.3
Robocar Poli,7,3,73,You Decide,Neutral,2,1955,7.8,6,4.6
Yu-Gi-Oh!,30,23,47,You Decide,Neutral,2,27135,7.5,7,4.8
7 Yards: The Chris Norton Story,20,15,15,Go and Watch,Positive,1,2135,7.3,8.3,5
Octonauts & the Ring of Fire,20,15,15,Go and Watch,Positive,1,2558,7.8,6.8,4.9
Rainbow High,50,23,27,Go and Watch,Positive,1,1298,6.8,6.9,4.6
Mandela: Long Walk to Freedom,63,17,20,Go and Watch,Positive,1,1329,7.8,5.7,4.5
Lawless,20,50,30,Do not Watch,Negative,0,1821,8.2,6.7,5
Marked,43,20,37,Go and Watch,Positive,1,3138,6.7,7.6,4.8
A Week Away,47,20,33,Go and Watch,Positive,1,6063,7.3,5.8,4.4
Bad Trip,33,57,10,Do not Watch,Negative,0,13136,8.6,6,4.9
Big Time Rush,17,10,73,You Decide,Neutral,2,1905,7.9,5.9,4.6
Black Is Beltza,7,15,77,You Decide,Neutral,2,3869,6.5,7.4,4.6
Croupier,33,17,50,You Decide,Neutral,2,80748,8,4.5,4.2
Elizabeth and Margaret: Love and Loyalty,20,15,15,Go and Watch,Positive,1,1995,7.1,7.4,4.8
Keeping the Bees,47,13,40,Go and Watch,Positive,1,1462,7.3,2.6,3.3
Magic for Humans Spain,20,15,15,Go and Watch,Positive,1,1030,5.6,7.5,4.4
Ni de coña,3,47,50,You Decide,Neutral,2,30698,7.4,8.6,5
Pagglait,3,15,20,Go and Watch,Positive,1,3918,7.1,6.8,4.6
The Irregulars,47,23,30,Go and Watch,Positive,1,1345,8,9.1,5
Caught by a Wave,23,23,27,You Decide,Neutral,2,5494,7.6,6.1,4.6
DOTA: Dragon's Blood,17,13,70,You Decide,Neutral,2,1368,8.1,7.8,5
Pui Pui Molcar,10,10,80,You Decide,Neutral,2,1959,5.8,5,3.6
Secret Magic Control Agency,7,15,10,Go and Watch,Positive,1,1644,8.7,6.2,5
Seaspiracy,37,20,43,You Decide,Neutral,2,1180,7.2,7.6,4.9
Loyiso Gola: Unlearning,20,15,15,Go and Watch,Positive,1,2320,8.7,7.4,5
Men on a Mission,30,33,37,You Decide,Neutral,2,13591,7.6,7.7,5
Navillera,20,17,63,You Decide,Neutral,2,83230,8.1,7.6,5
Philomena,67,10,23,Go and Watch,Positive,1,2739,6.5,7.4,4.6
Any Crybabies Around?,20,15,15,Go and Watch,Positive,1,1443,6.6,2.3,3
Hospital,17,23,60,You Decide,Neutral,2,1673,6.7,5.9,4.2
Jiu Jitsu,10,17,73,You Decide,Neutral,2,17585,8.3,7.2,5
Mighty Morphin Power Rangers,33,3,63,You Decide,Neutral,2,1521,7.3,6,4.4
Alien TV,43,27,30,Go and Watch,Positive,1,1541,8.6,6.9,5
Country Comfort,77,23,15,Go and Watch,Positive,1,6132,6.6,6.6,4.4
Formula 1: Drive to Survive,27,7,67,Do not Watch,Negative,0,9887,6.9,6.6,4.5
Reframe THEATER EXPERIENCE with you,20,15,7,You Decide,Neutral,2,5706,7.3,6.8,4.7
The Yin Yang Master,40,7,37,Do not Watch,Negative,0,5631,7,5.7,4.2
Who's the Boss,30,43,27,Do not Watch,Negative,0,3498,8.5,6.1,4.9
B: The Beginning,33,20,47,You Decide,Neutral,2,3065,6.7,6.1,4.3
Deadly Illusions,10,13,10,Do not Watch,Negative,0,11886,7.4,6.2,4.5
Get the Goat,40,37,23,Go and Watch,Positive,1,20319,7.3,5.3,4.2
Nate Bargatze: The Greatest Average American,20,15,15,Go and Watch,Positive,1,1267,7.5,8.1,5
Skylines,43,13,43,Go and Watch,Positive,1,5756,7.9,7.6,5
The Fluffy Movie,77,10,13,Go and Watch,Positive,1,2029,8.3,7.1,5
The Present,33,30,37,You Decide,Neutral,2,2472,6.3,6.9,4.4
Wave of Cinema: 90's Generation,20,15,15,Go and Watch,Positive,1,2056,7.8,6.3,4.7
Catch.er,20,13,23,You Decide,Neutral,2,1531,8.1,7.4,5
Operation Varsity Blues: The College Admissions Scandal,3,10,3,Go and Watch,Positive,1,1472,7.7,7,4.9
Under Suspicion: Uncovering the Wesphael Case,20,15,15,Go and Watch,Positive,1,117024,8,7.8,5
Get on Up,50,20,30,Go and Watch,Positive,1,1619,6.5,6.9,4.5
RebellComedy: Straight Outta the Zoo,20,15,15,Go and Watch,Positive,1,12285,6.6,5.6,4.1
Savages,3,90,7,Do not Watch,Negative,0,1258,6.8,7,4.6
Waffles + Mochi,43,17,40,Go and Watch,Positive,1,88887,8.9,8.2,5
Abla Fahita: Drama Queen,20,15,15,Go and Watch,Positive,1,3584,7.3,7.8,5
C/O Kaadhal,20,15,15,Go and Watch,Positive,1,112707,8.7,7.2,5
The BFG,37,27,37,Go and Watch,Positive,1,5426,8.5,8.7,5
The Last Blockbuster,87,10,3,Go and Watch,Positive,1,6586,8.1,7.3,5
The Lost Pirate Kingdom,10,23,3,You Decide,Neutral,2,2044,6.3,6.8,4.4
Zero Chill,23,20,57,You Decide,Neutral,2,1417,6.2,8,4.7
Audrey,30,7,63,Do not Watch,Negative,0,2811,8.5,7.1,5
Çarsi Pazar,17,15,83,You Decide,Neutral,2,4849,6,6.6,4.2
Just In Time,33,33,33,Go and Watch,Positive,1,7164,6.7,7.3,4.7
Love Alarm,73,20,7,Go and Watch,Positive,1,1316,7.1,6.4,4.5
Mucize,3,15,97,You Decide,Neutral,2,4712,6.6,6.3,4.3
Paper Lives,47,33,20,Go and Watch,Positive,1,1253,7.1,7.4,4.8
Paradise PD,90,7,3,Go and Watch,Positive,1,1385,6.6,6.2,4.3
Quiet,20,27,53,You Decide,Neutral,2,1626,8.2,6.3,4.8
Romantik Komedi,3,15,97,You Decide,Neutral,2,8356,7,8.1,5
Romantik Komedi 2: Bekarlığa Veda,20,15,3,You Decide,Neutral,2,2333,4.7,7.8,4.2
The One,37,33,30,Go and Watch,Positive,1,1447,7.7,7,4.9
YES DAY,77,13,10,Go and Watch,Positive,1,1965,8.9,7.1,5
You're Everything To Me,63,23,13,Go and Watch,Positive,1,1023,8,7.1,5
Coven of Sisters,20,7,17,Do not Watch,Negative,0,1557,7.7,7,4.9
Generasi 90an: Melankolia,20,15,15,Go and Watch,Positive,1,2979,7.5,6,4.5
The Block Island Sound,10,10,13,You Decide,Neutral,2,3147,8.2,7.1,5
Dealer,23,13,63,You Decide,Neutral,2,1043,8.5,7,5
Last Chance U: Basketball,67,27,7,You Decide,Neutral,2,37994,8.2,8.1,5
Marriage or Mortgage,33,30,37,You Decide,Neutral,2,1370,7.2,5.4,4.2
The Houseboat,43,27,30,Go and Watch,Positive,1,2685,7.8,7.7,5
Bombay Begums,3,3,15,Go and Watch,Positive,1,1965,8.6,8.1,5
Bombay Rose,3,3,23,Go and Watch,Positive,1,1297,7.2,6.6,4.6
My Way,47,37,17,Go and Watch,Positive,1,4386,8,5.9,4.6
Aelay,23,3,73,You Decide,Neutral,2,1880,7.1,7.3,4.8
City of Ghosts,47,20,33,Go and Watch,Positive,1,2796,6.2,7.5,4.6
Dogwashers,3,15,3,Go and Watch,Positive,1,1981,7.9,7.2,5
Fate of Alakada,3,10,7,You Decide,Neutral,2,2440,4.6,7.6,4.1
Nevenka: Breaking the Silence,20,15,15,Go and Watch,Positive,1,1229,8.2,5.3,4.5
Pokémon Journeys: The Series,50,13,37,Go and Watch,Positive,1,4479,8.6,6.6,5
Sentinelle,17,15,83,You Decide,Neutral,2,5590,7.3,8.4,5
Mariposa,3,10,87,You Decide,Neutral,2,2573,7.7,8.6,5
Pacific Rim: The Black,23,13,63,You Decide,Neutral,2,1832,6.4,5.1,3.8
Parker,30,17,53,You Decide,Neutral,2,3103,8.5,4.7,4.4
Safe Haven,57,20,23,Go and Watch,Positive,1,8726,8.6,6.3,5
Moxie,30,23,47,You Decide,Neutral,2,1187,7.5,7.1,4.9
Murder Among the Mormons,10,37,3,Do not Watch,Negative,0,1223,8.5,7.3,5
Black or White,43,27,30,Go and Watch,Positive,1,4196,7.7,6.2,4.6
Indoo Ki Jawani,3,15,3,Go and Watch,Positive,1,2568,6.1,7.1,4.4
Word Party,67,20,13,Go and Watch,Positive,1,1133,7.1,5.9,4.3
A Perfect Day For Arsenide,20,15,15,Go and Watch,Positive,1,1466,7.6,6.1,4.6
Banyuki,3,15,13,Go and Watch,Positive,1,1686,8.1,6.8,5
Biggie: I Got a Story to Tell,20,13,33,You Decide,Neutral,2,1963,7.1,8.3,5
Blanche Gardin: The All-Nighter,20,15,15,Go and Watch,Positive,1,1318,7.5,6.4,4.6
Connected,33,27,40,You Decide,Neutral,2,3834,6.6,6.3,4.3
Dances with Wolves,40,13,47,You Decide,Neutral,2,5624,6.6,8,4.9
How to Be Really Bad,37,50,13,Do not Watch,Negative,0,1739,6.6,8.2,4.9
LEGO Marvel Spider-Man: Vexed by Venom,20,15,15,Go and Watch,Positive,1,2483,8.1,5.1,4.4
Rain Man,37,30,33,Go and Watch,Positive,1,4620,8.6,7.2,5
Seven Souls in the Skull Castle 2011,20,15,15,Go and Watch,Positive,1,2462,6.9,6.8,4.6
Tenacious D in The Pick of Destiny,13,13,70,You Decide,Neutral,2,5610,6.9,7.4,4.8
TIGER & BUNNY,30,13,57,You Decide,Neutral,2,2623,6.6,5.9,4.2
Bigfoot Family,37,23,40,You Decide,Neutral,2,5417,4.1,2.6,2.2
Captain Fantastic,80,13,7,Go and Watch,Positive,1,33712,7.2,5.1,4.1
Crazy About Her,30,60,10,Do not Watch,Negative,0,1496,8.7,7.7,5
Fuga,20,10,90,You Decide,Neutral,2,19404,8.3,6.7,5
Ginny & Georgia - The Afterparty,20,15,15,Go and Watch,Positive,1,1693,7.7,6.5,4.7
No Escape,23,70,7,Do not Watch,Negative,0,42842,8.5,7.4,5
Our Idiot Brother,20,63,17,Do not Watch,Negative,0,2325,8,7.9,5
The Girl on the Train,47,23,30,Go and Watch,Positive,1,100418,8.1,6.1,4.7
Tony Manero,37,7,57,Do not Watch,Negative,0,2592,7.7,5.6,4.4
Who Am I,53,33,13,Go and Watch,Positive,1,1003,6.3,5.7,4
El final del paraíso,13,37,50,You Decide,Neutral,2,21849,7.2,8.2,5
Geez & Ann,7,10,83,You Decide,Neutral,2,2229,8.4,4.8,4.4
Sin senos sí hay paraíso,3,97,15,Do not Watch,Negative,0,3594,7.2,8.1,5
The Last Bastion,37,40,23,Do not Watch,Negative,0,1279,7.5,8,5
Age of Samurai: Battle for Japan,7,7,15,Go and Watch,Positive,1,16317,7.9,6.2,4.7
"Blue, Painful, Fragile",3,17,15,Go and Watch,Positive,1,1093,4.7,8.1,4.3
Canine Intervention,13,3,17,Do not Watch,Negative,0,1089,7.1,8.2,5
Ginny & Georgia,20,20,60,You Decide,Neutral,2,2661,8.1,7.3,5
M8 - When Death Rescues Life,20,15,15,Go and Watch,Positive,1,4902,7.8,8.3,5
Two Sentence Horror Stories,17,80,3,Do not Watch,Negative,0,3266,6.4,5.2,3.9
Brian Regan: On the Rocks,3,15,15,Go and Watch,Positive,1,4935,7.4,6,4.5
Made You Look: A True Story About Fake Art,3,13,15,Go and Watch,Positive,1,1425,7.5,6.9,4.8
Pelé,10,27,63,You Decide,Neutral,2,1122,7.5,6.6,4.7
Red,27,17,57,You Decide,Neutral,2,1594,6.8,6.6,4.5
Zindagi in Short,20,15,7,You Decide,Neutral,2,8379,6.9,6.8,4.6
The Conjuring,37,13,50,You Decide,Neutral,2,46098,7.5,5.7,4.4
The Conjuring 2,23,30,47,You Decide,Neutral,2,3327,9.5,6.1,5
Vincenzo,17,17,67,You Decide,Neutral,2,8408,6.8,6.1,4.3
Classmates Minus,3,3,3,Go and Watch,Positive,1,5019,7.9,6.2,4.7
Fate: The Winx Saga - The Afterparty,3,15,15,Go and Watch,Positive,1,1369,7.7,5.3,4.3
Operation Finale,13,10,77,You Decide,Neutral,2,3216,7.3,8.1,5
Wave of Cinema: Surat dari Timur,20,15,15,Go and Watch,Positive,1,1617,7.9,7.6,5
I Care a Lot,63,33,3,Go and Watch,Positive,1,4788,8,7.1,5
Love,77,7,17,Go and Watch,Positive,1,3931,6.7,6.9,4.5
Perú: Tesoro escondido,20,15,7,You Decide,Neutral,2,5433,7.3,6.3,4.5
Pitta Kathalu,20,13,7,You Decide,Neutral,2,76906,7.6,7.4,5
Tribes of Europa,17,7,77,You Decide,Neutral,2,1364,7.1,7,4.7
Eeb Allay Ooo!,3,15,7,You Decide,Neutral,2,6541,7.5,7.8,5
"Hello, Me!",73,10,17,Go and Watch,Positive,1,3739,7.1,6.9,4.7
No Escape Room,47,53,15,Do not Watch,Negative,0,3671,8.3,5.6,4.6
Sisyphus,23,7,70,You Decide,Neutral,2,6532,7,7,4.7
Thus Spoke Kishibe Rohan,20,13,67,You Decide,Neutral,2,4955,7.3,8.2,5
Amend: The Fight for America,20,3,15,Do not Watch,Negative,0,10471,7.9,7.8,5
Behind Her Eyes,40,30,30,Go and Watch,Positive,1,1023,8.2,7.2,5
MeatEater,20,7,73,You Decide,Neutral,2,4767,8.8,8.7,5
The Most Unknown,47,30,23,Go and Watch,Positive,1,2418,8.3,7.3,5
Animals on the Loose: A You vs. Wild Movie,20,15,15,Go and Watch,Positive,1,120719,8.7,6.8,5
Awara Paagal Deewana,3,15,23,Go and Watch,Positive,1,1842,8,8,5
Good Girls,77,13,10,Go and Watch,Positive,1,1651,6.6,7.1,4.6
The Resurrection of Gavin Stone,20,15,15,Go and Watch,Positive,1,18521,7.2,6.6,4.6
Booba,27,7,67,Do not Watch,Negative,0,1049,8.2,7.3,5
"My Teacher, My Obsession",33,57,10,Do not Watch,Negative,0,2086,8,6.4,4.8
The Crew,43,13,43,Go and Watch,Positive,1,3604,8.3,6.3,4.9
Namaste Wahala,20,10,20,You Decide,Neutral,2,19240,8.3,7.4,5
Monsoon,23,10,67,You Decide,Neutral,2,9674,5.4,6.2,3.9
Buried by the Bernards,20,3,7,You Decide,Neutral,2,1039,6.7,6.3,4.3
Chappelle's Show,57,17,27,Go and Watch,Positive,1,4135,7.4,8.1,5
Hate by Dani Rovira,20,15,15,Go and Watch,Positive,1,1316,7.5,7.8,5
Mundina Nildana,20,15,15,Go and Watch,Positive,1,14192,7.4,7,4.8
Nadiya Bakes,10,15,17,You Decide,Neutral,2,9211,6.6,7.1,4.6
To All The Boys: Always And Forever,63,7,17,Do not Watch,Negative,0,1318,8,7.1,5
Xico's Journey,20,15,15,Go and Watch,Positive,1,2042,7,7,4.7
Capitani,10,17,73,You Decide,Neutral,2,2621,4.2,6,3.4
El Chema,3,27,70,You Decide,Neutral,2,8737,7.5,7.1,4.9
Growing up and other problems,30,10,3,Go and Watch,Positive,1,1437,8.1,7,5
Layla Majnun,3,3,93,You Decide,Neutral,2,10121,6.7,8.1,4.9
Middle of Nowhere,43,17,40,Go and Watch,Positive,1,17562,7.4,5.4,4.3
Red Dot,33,17,50,You Decide,Neutral,2,1110,7.1,7.7,4.9
Squared Love,73,7,20,Go and Watch,Positive,1,21512,6.8,8.1,5
This Is the Life,63,23,13,Go and Watch,Positive,1,4979,7.8,6.6,4.8
Crime Scene: The Vanishing at the Cecil Hotel,7,37,3,Go and Watch,Positive,1,2777,6.7,5.9,4.2
The Misadventures of Hedi and Cokeman,20,15,15,Go and Watch,Positive,1,5228,8.1,7.3,5
The World We Make,63,23,13,Go and Watch,Positive,1,1421,7,7.5,4.8
Five Came Back: The Reference Films,3,15,3,Go and Watch,Positive,1,54284,8.5,7.2,5
ICarly,23,20,57,You Decide,Neutral,2,3825,5.5,7.6,4.4
War Dogs,27,67,7,You Decide,Neutral,2,2607,4,5.3,3.1
Monster Run,63,27,10,Go and Watch,Positive,1,1365,6.5,6.6,4.4
The Sinner,10,3,87,You Decide,Neutral,2,1101,6.2,8.4,4.9
Blanche Gardin: I talk to myself,20,15,15,Go and Watch,Positive,1,18715,8.3,8.6,5
Doob: No Bed of Roses,20,15,15,Go and Watch,Positive,1,102306,8.7,5.1,4.6
Hache,10,20,70,You Decide,Neutral,2,3621,8.1,4.7,3.4
Invisible City,43,13,43,Go and Watch,Positive,1,3486,6.8,6.3,4.4
